text,split
09+61=070;,train
74+75=149;,train
35+22=057;,train
38+23=061;,train
67+68=135;,train
99+61=160;,train
72+36=108;,train
21+54=075;,train
19+01=020;,train
62+64=126;,train
54+07=061;,train
91+73=164;,train
52+75=127;,train
81+59=140;,train
92+38=130;,train
63+37=100;,train
94+60=154;,train
60+31=091;,train
05+53=058;,train
45+55=100;,train
16+18=034;,train
94+38=132;,train
21+52=073;,train
76+26=102;,train
06+89=095;,train
16+35=051;,train
35+93=128;,train
05+54=059;,train
89+18=107;,train
70+65=135;,train
28+57=085;,train
23+56=079;,train
35+54=089;,train
93+56=149;,train
45+13=058;,train
48+19=067;,train
18+22=040;,train
51+56=107;,train
23+09=032;,train
20+57=077;,train
53+09=062;,train
37+69=106;,train
56+76=132;,train
85+13=098;,train
98+84=182;,train
10+62=072;,train
14+82=096;,train
46+14=060;,train
01+50=051;,train
94+49=143;,train
22+58=080;,train
57+53=110;,train
39+97=136;,train
84+60=144;,train
45+74=119;,train
11+51=062;,train
96+21=117;,train
85+79=164;,train
56+13=069;,train
06+67=073;,train
32+53=085;,train
18+00=018;,train
76+02=078;,train
48+52=100;,train
73+98=171;,train
02+22=024;,train
93+07=100;,train
02+85=087;,train
13+29=042;,train
23+98=121;,train
15+61=076;,train
82+67=149;,train
98+11=109;,train
25+62=087;,train
75+82=157;,train
36+20=056;,train
56+34=090;,train
24+38=062;,train
89+65=154;,train
77+71=148;,train
73+28=101;,train
78+96=174;,train
86+64=150;,train
58+88=146;,train
20+74=094;,train
54+94=148;,train
31+96=127;,train
61+63=124;,train
31+35=066;,train
47+43=090;,train
66+52=118;,train
19+10=029;,train
47+88=135;,train
02+03=005;,train
96+54=150;,train
60+05=065;,train
72+33=105;,train
45+20=065;,train
55+51=106;,train
98+17=115;,train
21+64=085;,train
64+44=108;,train
99+19=118;,train
28+87=115;,train
07+28=035;,train
24+33=057;,train
44+10=054;,train
87+35=122;,train
34+06=040;,train
78+36=114;,train
92+12=104;,train
65+79=144;,train
90+18=108;,train
33+45=078;,train
02+01=003;,train
76+46=122;,train
81+29=110;,train
54+98=152;,train
55+95=150;,train
04+27=031;,train
89+84=173;,train
44+11=055;,train
16+58=074;,train
25+77=102;,train
40+08=048;,train
70+02=072;,train
71+93=164;,train
85+29=114;,train
21+81=102;,train
52+65=117;,train
61+13=074;,train
43+56=099;,train
24+25=049;,train
80+52=132;,train
83+79=162;,train
94+76=170;,train
21+50=071;,train
27+05=032;,train
84+85=169;,train
71+39=110;,train
42+93=135;,train
00+83=083;,train
24+36=060;,train
28+65=093;,train
39+08=047;,train
20+28=048;,train
34+42=076;,train
33+89=122;,train
33+70=103;,train
46+26=072;,train
94+14=108;,train
43+47=090;,train
94+74=168;,train
60+67=127;,train
60+40=100;,train
35+76=111;,train
95+24=119;,train
47+74=121;,train
36+66=102;,train
17+17=034;,train
33+50=083;,train
41+00=041;,train
57+41=098;,train
25+34=059;,train
05+29=034;,train
64+57=121;,train
75+89=164;,train
24+01=025;,train
39+00=039;,train
37+18=055;,train
12+71=083;,train
83+60=143;,train
56+05=061;,train
99+39=138;,train
51+52=103;,train
29+12=041;,train
95+15=110;,train
71+99=170;,train
43+01=044;,train
11+38=049;,train
10+78=088;,train
42+94=136;,train
40+46=086;,train
20+44=064;,train
50+66=116;,train
64+17=081;,train
76+55=131;,train
67+85=152;,train
29+44=073;,train
59+10=069;,train
53+75=128;,train
57+62=119;,train
69+91=160;,train
94+52=146;,train
81+02=083;,train
35+92=127;,train
01+15=016;,train
83+40=123;,train
91+88=179;,train
01+82=083;,train
29+45=074;,train
62+79=141;,train
79+78=157;,train
66+34=100;,train
93+17=110;,train
75+01=076;,train
76+06=082;,train
10+21=031;,train
06+57=063;,train
50+35=085;,train
70+05=075;,train
64+60=124;,train
16+56=072;,train
03+77=080;,train
00+81=081;,train
67+21=088;,train
61+22=083;,train
80+82=162;,train
66+60=126;,train
48+22=070;,train
58+24=082;,train
73+11=084;,train
55+42=097;,train
22+91=113;,train
00+75=075;,train
90+24=114;,train
59+84=143;,train
66+08=074;,train
42+05=047;,train
74+81=155;,train
43+13=056;,train
41+37=078;,train
85+42=127;,train
15+21=036;,train
22+49=071;,train
65+91=156;,train
56+93=149;,train
25+81=106;,train
97+02=099;,train
09+02=011;,train
01+68=069;,train
08+43=051;,train
51+09=060;,train
00+57=057;,train
24+18=042;,train
89+34=123;,train
58+25=083;,train
92+42=134;,train
74+37=111;,train
16+38=054;,train
35+34=069;,train
23+23=046;,train
65+22=087;,train
10+08=018;,train
93+14=107;,train
56+82=138;,train
07+94=101;,train
15+14=029;,train
98+15=113;,train
47+47=094;,train
95+86=181;,train
32+12=044;,train
45+97=142;,train
80+11=091;,train
58+80=138;,train
33+56=089;,train
32+19=051;,train
01+51=052;,train
28+28=056;,train
42+72=114;,train
04+41=045;,train
11+83=094;,train
92+04=096;,train
64+48=112;,train
07+04=011;,train
83+55=138;,train
37+44=081;,train
28+23=051;,train
08+27=035;,train
04+02=006;,train
30+51=081;,train
39+43=082;,train
07+83=090;,train
59+14=073;,train
47+48=095;,train
70+47=117;,train
12+85=097;,train
07+69=076;,train
34+08=042;,train
64+68=132;,train
83+11=094;,train
87+70=157;,train
84+65=149;,train
05+45=050;,train
58+93=151;,train
24+52=076;,train
71+41=112;,train
74+17=091;,train
95+76=171;,train
48+84=132;,train
60+93=153;,train
83+28=111;,train
66+44=110;,train
32+45=077;,train
56+75=131;,train
18+98=116;,train
08+58=066;,train
15+25=040;,train
51+61=112;,train
00+89=089;,train
71+83=154;,train
86+34=120;,train
16+78=094;,train
19+90=109;,train
48+46=094;,train
92+70=162;,train
26+73=099;,train
44+54=098;,train
68+68=136;,train
01+47=048;,train
27+87=114;,train
14+50=064;,train
50+78=128;,train
58+64=122;,train
57+11=068;,train
72+30=102;,train
08+75=083;,train
95+22=117;,train
74+14=088;,train
63+61=124;,train
82+17=099;,train
56+73=129;,train
57+40=097;,train
83+84=167;,train
89+77=166;,train
06+65=071;,train
39+35=074;,train
97+65=162;,train
09+59=068;,train
67+57=124;,train
07+85=092;,train
53+08=061;,train
63+22=085;,train
90+31=121;,train
84+72=156;,train
04+40=044;,train
59+35=094;,train
82+28=110;,train
65+58=123;,train
80+16=096;,train
24+02=026;,train
26+01=027;,train
60+86=146;,train
33+77=110;,train
59+13=072;,train
35+25=060;,train
40+91=131;,train
10+30=040;,train
48+71=119;,train
61+49=110;,train
83+35=118;,train
13+04=017;,train
50+79=129;,train
92+31=123;,train
16+09=025;,train
99+45=144;,train
88+07=095;,train
98+98=196;,train
18+68=086;,train
34+74=108;,train
60+98=158;,train
04+62=066;,train
57+00=057;,train
60+59=119;,train
27+90=117;,train
47+53=100;,train
56+01=057;,train
80+22=102;,train
04+69=073;,train
71+92=163;,train
91+80=171;,train
04+06=010;,train
99+44=143;,train
10+44=054;,train
15+71=086;,train
00+87=087;,train
18+43=061;,train
22+36=058;,train
35+74=109;,train
74+88=162;,train
62+95=157;,train
50+51=101;,train
17+50=067;,train
66+66=132;,train
06+29=035;,train
13+69=082;,train
24+04=028;,train
95+27=122;,train
82+90=172;,train
13+51=064;,train
10+23=033;,train
67+43=110;,train
21+79=100;,train
86+01=087;,train
02+28=030;,train
46+73=119;,train
64+38=102;,train
86+30=116;,train
13+03=016;,train
00+82=082;,train
84+54=138;,train
89+16=105;,train
15+63=078;,train
87+41=128;,train
21+49=070;,train
05+86=091;,train
74+40=114;,train
34+82=116;,train
70+63=133;,train
45+24=069;,train
22+96=118;,train
76+43=119;,train
43+79=122;,train
12+32=044;,train
21+19=040;,train
63+42=105;,train
74+78=152;,train
35+16=051;,train
27+26=053;,train
67+14=081;,train
75+98=173;,train
88+47=135;,train
12+89=101;,train
53+15=068;,train
58+06=064;,train
27+40=067;,train
02+92=094;,train
86+56=142;,train
16+21=037;,train
36+82=118;,train
40+50=090;,train
67+93=160;,train
22+06=028;,train
99+72=171;,train
92+17=109;,train
52+94=146;,train
65+12=077;,train
66+33=099;,train
80+14=094;,train
70+41=111;,train
67+52=119;,train
62+02=064;,train
51+68=119;,train
15+66=081;,train
30+63=093;,train
67+90=157;,train
23+86=109;,train
30+05=035;,train
59+79=138;,train
97+26=123;,train
59+55=114;,train
81+19=100;,train
29+19=048;,train
36+96=132;,train
52+38=090;,train
58+23=081;,train
90+77=167;,train
89+98=187;,train
11+22=033;,train
28+89=117;,train
06+68=074;,train
05+33=038;,train
79+41=120;,train
42+87=129;,train
14+42=056;,train
64+75=139;,train
86+87=173;,train
36+94=130;,train
31+19=050;,train
52+25=077;,train
38+26=064;,train
76+91=167;,train
47+84=131;,train
31+90=121;,train
11+23=034;,train
55+77=132;,train
41+14=055;,train
57+90=147;,train
67+19=086;,train
34+65=099;,train
99+82=181;,train
02+02=004;,train
59+60=119;,train
22+66=088;,train
25+97=122;,train
94+98=192;,train
79+07=086;,train
39+19=058;,train
83+27=110;,train
19+97=116;,train
92+78=170;,train
49+15=064;,train
30+30=060;,train
81+71=152;,train
25+63=088;,train
22+11=033;,train
18+07=025;,train
63+43=106;,train
74+95=169;,train
09+18=027;,train
37+20=057;,train
34+23=057;,train
21+23=044;,train
60+09=069;,train
21+28=049;,train
82+82=164;,train
25+86=111;,train
07+43=050;,train
08+19=027;,train
46+17=063;,train
05+46=051;,train
95+58=153;,train
47+16=063;,train
22+08=030;,train
45+06=051;,train
85+57=142;,train
10+12=022;,train
17+69=086;,train
80+35=115;,train
51+72=123;,train
13+19=032;,train
87+48=135;,train
20+02=022;,train
05+36=041;,train
51+28=079;,train
83+66=149;,train
43+58=101;,train
25+83=108;,train
12+47=059;,train
97+33=130;,train
79+85=164;,train
97+88=185;,train
91+57=148;,train
76+45=121;,train
48+66=114;,train
72+84=156;,train
76+49=125;,train
86+13=099;,train
09+97=106;,train
70+08=078;,train
81+58=139;,train
80+33=113;,train
63+88=151;,train
67+72=139;,train
91+98=189;,train
49+70=119;,train
02+12=014;,train
22+24=046;,train
20+23=043;,train
94+04=098;,train
78+56=134;,train
14+01=015;,train
67+34=101;,train
80+28=108;,train
48+04=052;,train
26+74=100;,train
25+11=036;,train
31+29=060;,train
77+91=168;,train
53+06=059;,train
15+01=016;,train
92+40=132;,train
77+57=134;,train
95+83=178;,train
32+93=125;,train
75+12=087;,train
37+71=108;,train
71+87=158;,train
14+74=088;,train
91+21=112;,train
88+14=102;,train
89+57=146;,train
52+13=065;,train
55+98=153;,train
77+06=083;,train
77+65=142;,train
68+90=158;,train
27+60=087;,train
33+57=090;,train
80+38=118;,train
85+18=103;,train
79+48=127;,train
19+58=077;,train
22+53=075;,train
43+17=060;,train
31+52=083;,train
30+13=043;,train
04+60=064;,train
48+98=146;,train
27+10=037;,train
64+59=123;,train
55+68=123;,train
13+42=055;,train
24+03=027;,train
30+02=032;,train
79+65=144;,train
49+98=147;,train
42+49=091;,train
29+29=058;,train
00+56=056;,train
78+55=133;,train
89+27=116;,train
03+10=013;,train
98+95=193;,train
91+04=095;,train
24+56=080;,train
94+87=181;,train
01+45=046;,train
85+72=157;,train
39+29=068;,train
96+34=130;,train
62+28=090;,train
22+42=064;,train
62+49=111;,train
77+39=116;,train
41+92=133;,train
11+95=106;,train
08+94=102;,train
63+17=080;,train
63+40=103;,train
33+08=041;,train
65+88=153;,train
40+37=077;,train
72+82=154;,train
03+26=029;,train
90+73=163;,train
88+02=090;,train
87+07=094;,train
97+71=168;,train
22+70=092;,train
73+86=159;,train
13+53=066;,train
84+89=173;,train
94+66=160;,train
88+58=146;,train
25+76=101;,train
60+27=087;,train
08+14=022;,train
46+69=115;,train
88+57=145;,train
69+08=077;,train
77+64=141;,train
63+83=146;,train
88+83=171;,train
93+79=172;,train
12+68=080;,train
50+18=068;,train
29+53=082;,train
23+62=085;,train
34+21=055;,train
62+39=101;,train
05+47=052;,train
59+18=077;,train
82+89=171;,train
74+84=158;,train
57+80=137;,train
36+75=111;,train
23+88=111;,train
17+12=029;,train
54+82=136;,train
26+09=035;,train
57+39=096;,train
94+84=178;,train
34+69=103;,train
22+29=051;,train
83+70=153;,train
04+98=102;,train
23+53=076;,train
08+00=008;,train
06+90=096;,train
70+37=107;,train
28+38=066;,train
78+67=145;,train
78+34=112;,train
37+45=082;,train
04+22=026;,train
75+93=168;,train
08+39=047;,train
29+74=103;,train
03+97=100;,train
22+72=094;,train
53+36=089;,train
00+79=079;,train
41+06=047;,train
26+60=086;,train
98+67=165;,train
59+29=088;,train
26+37=063;,train
44+93=137;,train
33+48=081;,train
56+47=103;,train
09+23=032;,train
94+59=153;,train
98+38=136;,train
58+01=059;,train
20+13=033;,train
78+47=125;,train
87+88=175;,train
38+40=078;,train
13+68=081;,train
04+96=100;,train
06+28=034;,train
94+51=145;,train
80+20=100;,train
50+03=053;,train
24+11=035;,train
08+23=031;,train
79+86=165;,train
56+38=094;,train
77+89=166;,train
89+99=188;,train
81+21=102;,train
39+14=053;,train
13+62=075;,train
53+54=107;,train
85+00=085;,train
19+72=091;,train
87+20=107;,train
67+32=099;,train
95+32=127;,train
17+57=074;,train
11+97=108;,train
29+11=040;,train
73+03=076;,train
21+59=080;,train
40+71=111;,train
79+55=134;,train
45+35=080;,train
79+27=106;,train
61+58=119;,train
81+67=148;,train
86+48=134;,train
60+55=115;,train
93+59=152;,train
76+05=081;,train
57+27=084;,train
34+54=088;,train
47+20=067;,train
61+67=128;,train
65+98=163;,train
39+11=050;,train
60+10=070;,train
90+68=158;,train
39+73=112;,train
91+99=190;,train
53+70=123;,train
66+03=069;,train
10+87=097;,train
39+70=109;,train
45+05=050;,train
54+28=082;,train
75+03=078;,train
22+17=039;,train
92+84=176;,train
90+07=097;,train
17+47=064;,train
75+59=134;,train
00+65=065;,train
94+06=100;,train
70+86=156;,train
63+68=131;,train
08+32=040;,train
55+92=147;,train
26+44=070;,train
21+16=037;,train
36+98=134;,train
01+93=094;,train
17+87=104;,train
48+34=082;,train
59+63=122;,train
16+66=082;,train
87+00=087;,train
90+45=135;,train
05+72=077;,train
88+91=179;,train
20+39=059;,train
86+70=156;,train
82+27=109;,train
04+59=063;,train
19+68=087;,train
28+43=071;,train
60+43=103;,train
91+08=099;,train
90+48=138;,train
64+10=074;,train
65+86=151;,train
44+72=116;,train
12+75=087;,train
28+81=109;,train
47+32=079;,train
51+34=085;,train
56+30=086;,train
35+19=054;,train
49+87=136;,train
64+53=117;,train
94+16=110;,train
06+82=088;,train
75+30=105;,train
45+45=090;,train
94+88=182;,train
56+07=063;,train
09+27=036;,train
46+80=126;,train
67+29=096;,train
82+70=152;,train
74+98=172;,train
89+49=138;,train
26+62=088;,train
00+99=099;,train
19+12=031;,train
41+69=110;,train
04+07=011;,train
02+66=068;,train
57+54=111;,train
58+17=075;,train
55+54=109;,train
73+59=132;,train
30+69=099;,train
39+87=126;,train
89+38=127;,train
91+44=135;,train
17+76=093;,train
66+75=141;,train
14+10=024;,train
13+30=043;,train
91+82=173;,train
62+90=152;,train
97+95=192;,train
47+33=080;,train
41+42=083;,train
52+48=100;,train
35+65=100;,train
41+62=103;,train
55+12=067;,train
96+36=132;,train
18+84=102;,train
01+28=029;,train
70+55=125;,train
98+60=158;,train
91+40=131;,train
87+85=172;,train
64+40=104;,train
91+97=188;,train
38+81=119;,train
67+89=156;,train
47+60=107;,train
33+59=092;,train
73+40=113;,train
94+65=159;,train
76+31=107;,train
99+83=182;,train
80+85=165;,train
84+13=097;,train
78+07=085;,train
16+48=064;,train
10+49=059;,train
64+34=098;,train
77+26=103;,train
34+96=130;,train
56+80=136;,train
66+02=068;,train
61+85=146;,train
06+26=032;,train
47+97=144;,train
24+51=075;,train
33+31=064;,train
97+84=181;,train
12+67=079;,train
75+61=136;,train
49+03=052;,train
96+18=114;,train
71+52=123;,train
93+84=177;,train
03+22=025;,train
29+81=110;,train
60+01=061;,train
13+79=092;,train
08+95=103;,train
71+34=105;,train
57+02=059;,train
62+60=122;,train
11+18=029;,train
80+27=107;,train
28+45=073;,train
01+07=008;,train
87+69=156;,train
74+43=117;,train
26+79=105;,train
78+95=173;,train
75+25=100;,train
26+98=124;,train
55+16=071;,train
34+01=035;,train
77+05=082;,train
09+54=063;,train
03+82=085;,train
89+12=101;,train
54+42=096;,train
02+39=041;,train
19+89=108;,train
97+85=182;,train
24+92=116;,train
79+73=152;,train
00+04=004;,train
98+45=143;,train
16+92=108;,train
69+18=087;,train
22+92=114;,train
14+47=061;,train
40+39=079;,train
55+26=081;,train
66+45=111;,train
03+75=078;,train
77+98=175;,train
22+01=023;,train
79+72=151;,train
29+68=097;,train
30+76=106;,train
48+82=130;,train
04+83=087;,train
35+10=045;,train
76+58=134;,train
06+87=093;,train
22+79=101;,train
69+51=120;,train
83+18=101;,train
53+47=100;,train
54+85=139;,train
86+71=157;,train
79+08=087;,train
77+69=146;,train
19+79=098;,train
03+66=069;,train
47+08=055;,train
89+68=157;,train
36+15=051;,train
80+55=135;,train
93+02=095;,train
26+88=114;,train
03+05=008;,train
55+93=148;,train
07+06=013;,train
26+28=054;,train
11+68=079;,train
50+94=144;,train
49+78=127;,train
62+65=127;,train
69+45=114;,train
22+43=065;,train
13+44=057;,train
52+20=072;,train
31+61=092;,train
53+79=132;,train
13+83=096;,train
59+97=156;,train
96+94=190;,train
54+99=153;,train
84+75=159;,train
83+99=182;,train
66+90=156;,train
07+81=088;,train
57+94=151;,train
11+20=031;,train
81+15=096;,train
59+75=134;,train
88+65=153;,train
68+48=116;,train
81+55=136;,train
62+87=149;,train
85+59=144;,train
15+35=050;,train
83+19=102;,train
56+89=145;,train
43+87=130;,train
91+48=139;,train
03+95=098;,train
83+41=124;,train
42+25=067;,train
55+71=126;,train
03+25=028;,train
18+50=068;,train
07+84=091;,train
05+82=087;,train
86+78=164;,train
44+29=073;,train
56+43=099;,train
53+68=121;,train
52+37=089;,train
28+35=063;,train
76+09=085;,train
76+39=115;,train
21+56=077;,train
48+70=118;,train
46+52=098;,train
59+68=127;,train
54+03=057;,train
75+80=155;,train
26+29=055;,train
89+41=130;,train
19+30=049;,train
59+05=064;,train
66+81=147;,train
08+71=079;,train
71+73=144;,train
76+97=173;,train
24+69=093;,train
74+68=142;,train
86+94=180;,train
64+85=149;,train
49+36=085;,train
35+09=044;,train
29+70=099;,train
40+40=080;,train
73+01=074;,train
38+44=082;,train
50+76=126;,train
89+64=153;,train
96+46=142;,train
38+08=046;,train
64+98=162;,train
07+75=082;,train
64+01=065;,train
19+44=063;,train
67+01=068;,train
29+09=038;,train
11+21=032;,train
09+43=052;,train
22+07=029;,train
32+48=080;,train
44+52=096;,train
71+90=161;,train
91+33=124;,train
40+54=094;,train
79+11=090;,train
99+42=141;,train
49+42=091;,train
66+38=104;,train
07+40=047;,train
67+39=106;,train
85+63=148;,train
49+81=130;,train
27+71=098;,train
94+36=130;,train
98+12=110;,train
41+02=043;,train
36+81=117;,train
80+06=086;,train
40+92=132;,train
96+71=167;,train
58+65=123;,train
26+83=109;,train
89+76=165;,train
39+21=060;,train
94+47=141;,train
18+90=108;,train
97+41=138;,train
48+21=069;,train
01+09=010;,train
91+76=167;,train
46+45=091;,train
95+05=100;,train
89+14=103;,train
14+28=042;,train
87+27=114;,train
94+27=121;,train
70+44=114;,train
96+50=146;,train
78+12=090;,train
19+81=100;,train
21+10=031;,train
77+33=110;,train
94+97=191;,train
90+56=146;,train
96+78=174;,train
88+71=159;,train
33+37=070;,train
59+56=115;,train
57+20=077;,train
47+93=140;,train
63+91=154;,train
47+22=069;,train
84+40=124;,train
41+63=104;,train
16+67=083;,train
22+15=037;,train
12+42=054;,train
56+74=130;,train
16+36=052;,train
39+01=040;,train
96+53=149;,train
38+56=094;,train
99+77=176;,train
94+43=137;,train
70+12=082;,train
78+21=099;,train
05+10=015;,train
85+99=184;,train
94+20=114;,train
97+46=143;,train
21+09=030;,train
13+73=086;,train
14+57=071;,train
62+99=161;,train
99+65=164;,train
91+41=132;,train
20+83=103;,train
12+43=055;,train
42+07=049;,train
08+87=095;,train
19+86=105;,train
10+77=087;,train
13+60=073;,train
90+16=106;,train
90+43=133;,train
47+96=143;,train
78+17=095;,train
99+99=198;,train
08+49=057;,train
21+94=115;,train
63+35=098;,train
83+31=114;,train
38+25=063;,train
88+37=125;,train
99+20=119;,train
98+79=177;,train
15+07=022;,train
27+46=073;,train
11+30=041;,train
84+32=116;,train
05+01=006;,train
04+92=096;,train
23+54=077;,train
65+46=111;,train
49+20=069;,train
77+78=155;,train
53+20=073;,train
67+09=076;,train
54+37=091;,train
12+07=019;,train
12+62=074;,train
54+01=055;,train
40+52=092;,train
34+64=098;,train
54+04=058;,train
95+63=158;,train
10+47=057;,train
32+96=128;,train
80+67=147;,train
55+63=118;,train
51+35=086;,train
54+67=121;,train
18+81=099;,train
61+57=118;,train
99+92=191;,train
93+20=113;,train
24+63=087;,train
13+94=107;,train
78+63=141;,train
34+61=095;,train
17+27=044;,train
94+11=105;,train
10+89=099;,train
56+12=068;,train
50+92=142;,train
42+36=078;,train
62+84=146;,train
48+50=098;,train
82+94=176;,train
14+40=054;,train
98+02=100;,train
80+02=082;,train
12+14=026;,train
46+70=116;,train
31+39=070;,train
68+09=077;,train
37+11=048;,train
73+26=099;,train
11+59=070;,train
01+16=017;,train
43+20=063;,train
67+35=102;,train
07+35=042;,train
69+05=074;,train
78+87=165;,train
15+94=109;,train
07+87=094;,train
03+76=079;,train
99+30=129;,train
53+41=094;,train
67+06=073;,train
29+78=107;,train
10+76=086;,train
21+07=028;,train
36+26=062;,train
15+92=107;,train
93+11=104;,train
13+43=056;,train
03+85=088;,train
96+01=097;,train
02+37=039;,train
64+55=119;,train
43+70=113;,train
92+98=190;,train
60+44=104;,train
06+04=010;,train
11+94=105;,train
54+35=089;,train
21+71=092;,train
00+47=047;,train
34+70=104;,train
47+09=056;,train
40+85=125;,train
74+28=102;,train
89+45=134;,train
34+38=072;,train
25+38=063;,train
46+54=100;,train
99+15=114;,train
35+46=081;,train
29+42=071;,train
02+05=007;,train
75+23=098;,train
78+09=087;,train
22+69=091;,train
83+77=160;,train
18+09=027;,train
06+08=014;,train
79+64=143;,train
99+81=180;,train
46+02=048;,train
64+94=158;,train
40+88=128;,train
54+32=086;,train
82+97=179;,train
76+94=170;,train
52+27=079;,train
43+92=135;,train
32+81=113;,train
97+69=166;,train
32+25=057;,train
53+10=063;,train
20+80=100;,train
71+27=098;,train
08+73=081;,train
21+65=086;,train
70+91=161;,train
32+33=065;,train
22+80=102;,train
50+06=056;,train
97+30=127;,train
96+45=141;,train
61+68=129;,train
29+49=078;,train
57+65=122;,train
24+82=106;,train
87+51=138;,train
61+02=063;,train
58+08=066;,train
59+90=149;,train
14+37=051;,train
84+46=130;,train
90+21=111;,train
27+83=110;,train
43+69=112;,train
26+68=094;,train
81+41=122;,train
70+03=073;,train
29+05=034;,train
99+50=149;,train
43+75=118;,train
91+18=109;,train
14+03=017;,train
80+19=099;,train
68+87=155;,train
52+03=055;,train
30+33=063;,train
27+75=102;,train
40+93=133;,train
63+34=097;,train
40+24=064;,train
46+53=099;,train
38+36=074;,train
81+17=098;,train
49+45=094;,train
83+26=109;,train
54+36=090;,train
69+80=149;,train
53+04=057;,train
37+62=099;,train
25+36=061;,train
72+90=162;,train
53+56=109;,train
52+43=095;,train
21+92=113;,train
14+26=040;,train
40+53=093;,train
24+07=031;,train
29+96=125;,train
45+94=139;,train
30+49=079;,train
14+35=049;,train
23+81=104;,train
16+08=024;,train
77+35=112;,train
61+81=142;,train
36+42=078;,train
58+04=062;,train
35+17=052;,train
56+88=144;,train
27+09=036;,train
61+55=116;,train
01+58=059;,train
55+60=115;,train
07+68=075;,train
55+59=114;,train
78+43=121;,train
95+49=144;,train
51+49=100;,train
02+11=013;,train
68+11=079;,train
84+63=147;,train
21+34=055;,train
18+33=051;,train
03+90=093;,train
89+05=094;,train
81+99=180;,train
17+95=112;,train
54+79=133;,train
59+06=065;,train
30+75=105;,train
79+76=155;,train
22+22=044;,train
03+60=063;,train
99+48=147;,train
22+82=104;,train
00+05=005;,train
84+93=177;,train
98+16=114;,train
67+71=138;,train
37+82=119;,train
26+39=065;,train
46+08=054;,train
02+73=075;,train
35+43=078;,train
85+87=172;,train
15+75=090;,train
65+90=155;,train
46+23=069;,train
90+30=120;,train
54+88=142;,train
72+20=092;,train
09+75=084;,train
04+68=072;,train
19+19=038;,train
15+67=082;,train
24+34=058;,train
46+03=049;,train
41+67=108;,train
60+87=147;,train
38+31=069;,train
89+46=135;,train
69+26=095;,train
44+03=047;,train
27+32=059;,train
23+49=072;,train
58+56=114;,train
05+30=035;,train
26+61=087;,train
41+76=117;,train
01+19=020;,train
61+03=064;,train
51+70=121;,train
85+71=156;,train
11+84=095;,train
72+74=146;,train
88+70=158;,train
90+13=103;,train
49+51=100;,train
11+53=064;,train
93+67=160;,train
52+29=081;,train
93+10=103;,train
81+08=089;,train
69+29=098;,train
78+86=164;,train
54+24=078;,train
92+36=128;,train
10+35=045;,train
80+83=163;,train
16+77=093;,train
26+15=041;,train
07+66=073;,train
42+43=085;,train
18+93=111;,train
85+96=181;,train
07+37=044;,train
70+92=162;,train
31+51=082;,train
13+01=014;,train
95+88=183;,train
51+38=089;,train
98+71=169;,train
77+88=165;,train
93+94=187;,train
98+04=102;,train
18+38=056;,train
20+06=026;,train
17+67=084;,train
05+84=089;,train
63+92=155;,train
94+35=129;,train
25+16=041;,train
12+49=061;,train
21+46=067;,train
87+12=099;,train
22+04=026;,train
20+17=037;,train
21+00=021;,train
39+64=103;,train
40+79=119;,train
51+89=140;,train
28+15=043;,train
63+81=144;,train
46+35=081;,train
34+75=109;,train
96+92=188;,train
39+54=093;,train
00+12=012;,train
68+57=125;,train
02+72=074;,train
30+25=055;,train
01+12=013;,train
88+95=183;,train
84+12=096;,train
16+34=050;,train
13+31=044;,train
03+06=009;,train
93+65=158;,train
56+20=076;,train
99+08=107;,train
14+15=029;,train
30+22=052;,train
36+06=042;,train
41+28=069;,train
20+03=023;,train
95+11=106;,train
21+22=043;,train
71+17=088;,train
46+89=135;,train
81+10=091;,train
79+40=119;,train
62+07=069;,train
83+85=168;,train
35+67=102;,train
72+77=149;,train
37+96=133;,train
21+48=069;,train
94+75=169;,train
14+67=081;,train
27+61=088;,train
68+85=153;,train
12+50=062;,train
64+09=073;,train
21+70=091;,train
59+44=103;,train
26+04=030;,train
06+21=027;,train
90+74=164;,train
68+78=146;,train
52+11=063;,train
78+37=115;,train
56+39=095;,train
06+19=025;,train
85+61=146;,train
28+63=091;,train
04+72=076;,train
25+17=042;,train
63+04=067;,train
43+23=066;,train
08+05=013;,train
33+58=091;,train
68+20=088;,train
69+57=126;,train
20+84=104;,train
43+51=094;,train
84+73=157;,train
39+18=057;,train
78+32=110;,train
57+10=067;,train
32+90=122;,train
22+30=052;,train
41+85=126;,train
06+24=030;,train
11+43=054;,train
37+86=123;,train
24+54=078;,train
05+40=045;,train
31+99=130;,train
15+20=035;,train
47+78=125;,train
14+81=095;,train
51+30=081;,train
80+30=110;,train
29+13=042;,train
02+33=035;,train
33+52=085;,train
27+29=056;,train
97+35=132;,train
32+97=129;,train
23+99=122;,train
23+07=030;,train
98+89=187;,train
56+37=093;,train
27+86=113;,train
81+18=099;,train
07+74=081;,train
54+55=109;,train
29+26=055;,train
26+47=073;,train
37+13=050;,train
99+33=132;,train
50+27=077;,train
44+68=112;,train
78+22=100;,train
35+52=087;,train
66+32=098;,train
52+87=139;,train
42+65=107;,train
27+30=057;,train
13+64=077;,train
74+54=128;,train
34+25=059;,train
06+07=013;,train
96+33=129;,train
31+50=081;,train
03+86=089;,train
80+42=122;,train
21+89=110;,train
60+64=124;,train
46+77=123;,train
55+39=094;,train
00+69=069;,train
71+43=114;,train
35+64=099;,train
25+02=027;,train
02+97=099;,train
02+78=080;,train
83+14=097;,train
36+21=057;,train
80+49=129;,train
85+07=092;,train
28+68=096;,train
24+58=082;,train
88+38=126;,train
22+31=053;,train
15+08=023;,train
98+49=147;,train
65+11=076;,train
91+13=104;,train
15+64=079;,train
81+73=154;,train
51+03=054;,train
70+11=081;,train
71+35=106;,train
80+34=114;,train
55+17=072;,train
71+15=086;,train
97+86=183;,train
88+85=173;,train
82+26=108;,train
38+86=124;,train
71+24=095;,train
00+73=073;,train
81+92=173;,train
17+73=090;,train
03+99=102;,train
19+18=037;,train
83+48=131;,train
91+87=178;,train
83+09=092;,train
45+46=091;,train
48+73=121;,train
77+07=084;,train
41+80=121;,train
74+25=099;,train
14+16=030;,train
75+18=093;,train
62+77=139;,train
46+07=053;,train
28+46=074;,train
35+73=108;,train
36+34=070;,train
41+93=134;,train
97+01=098;,train
42+09=051;,train
01+74=075;,train
02+31=033;,train
95+89=184;,train
38+90=128;,train
84+02=086;,train
85+89=174;,train
42+51=093;,train
48+97=145;,train
76+51=127;,train
62+92=154;,train
70+95=165;,train
43+04=047;,train
77+83=160;,train
81+63=144;,train
47+58=105;,train
84+77=161;,train
74+58=132;,train
48+31=079;,train
52+35=087;,train
66+77=143;,train
55+79=134;,train
60+73=133;,train
96+69=165;,train
86+83=169;,train
45+78=123;,train
06+15=021;,train
51+07=058;,train
08+25=033;,train
17+53=070;,train
46+40=086;,train
06+50=056;,train
40+30=070;,train
54+29=083;,train
54+96=150;,train
99+21=120;,train
66+87=153;,train
67+26=093;,train
11+36=047;,train
40+04=044;,train
90+26=116;,train
21+61=082;,train
33+53=086;,train
01+13=014;,train
45+38=083;,train
06+98=104;,train
11+04=015;,train
21+06=027;,train
46+20=066;,train
79+66=145;,train
80+87=167;,train
17+70=087;,train
63+85=148;,train
27+28=055;,train
03+61=064;,train
50+48=098;,train
35+49=084;,train
18+44=062;,train
03+89=092;,train
09+20=029;,train
37+64=101;,train
51+20=071;,train
33+66=099;,train
60+69=129;,train
55+80=135;,train
25+69=094;,train
42+85=127;,train
52+02=054;,train
30+16=046;,train
76+95=171;,train
03+70=073;,train
86+73=159;,train
90+17=107;,train
12+73=085;,train
61+44=105;,train
82+15=097;,train
27+72=099;,train
19+69=088;,train
45+82=127;,train
31+08=039;,train
32+31=063;,train
10+54=064;,train
96+05=101;,train
10+57=067;,train
54+33=087;,train
16+27=043;,train
26+27=053;,train
90+09=099;,train
50+95=145;,train
86+23=109;,train
54+90=144;,train
20+98=118;,train
71+01=072;,train
34+12=046;,train
93+72=165;,train
06+74=080;,train
15+24=039;,train
27+25=052;,train
34+48=082;,train
05+17=022;,train
39+72=111;,train
37+24=061;,train
73+48=121;,train
47+92=139;,train
70+96=166;,train
73+88=161;,train
97+42=139;,train
45+51=096;,train
42+27=069;,train
78+35=113;,train
96+63=159;,train
30+72=102;,train
25+54=079;,train
50+33=083;,train
90+55=145;,train
09+21=030;,train
36+04=040;,train
63+01=064;,train
87+10=097;,train
92+14=106;,train
87+74=161;,train
34+83=117;,train
31+62=093;,train
36+36=072;,train
00+33=033;,train
81+88=169;,train
62+15=077;,train
59+93=152;,train
47+14=061;,train
67+24=091;,train
68+54=122;,train
46+88=134;,train
61+39=100;,train
79+04=083;,train
76+82=158;,train
80+47=127;,train
75+11=086;,train
77+11=088;,train
00+06=006;,train
45+47=092;,train
89+89=178;,train
45+70=115;,train
75+02=077;,train
03+13=016;,train
42+57=099;,train
44+94=138;,train
13+71=084;,train
29+48=077;,train
61+89=150;,train
91+32=123;,train
34+86=120;,train
36+11=047;,train
90+23=113;,train
89+72=161;,train
17+24=041;,train
30+86=116;,train
27+34=061;,train
50+05=055;,train
64+23=087;,train
87+01=088;,train
48+14=062;,train
08+69=077;,train
85+36=121;,train
91+15=106;,train
79+56=135;,train
73+74=147;,train
18+82=100;,train
52+08=060;,train
92+58=150;,train
64+20=084;,train
38+30=068;,train
21+11=032;,train
87+97=184;,train
86+16=102;,train
18+61=079;,train
36+73=109;,train
84+68=152;,train
70+15=085;,train
51+54=105;,train
06+66=072;,train
21+47=068;,train
39+51=090;,train
18+41=059;,train
61+40=101;,train
02+95=097;,train
95+53=148;,train
80+44=124;,train
01+08=009;,train
49+06=055;,train
59+23=082;,train
16+99=115;,train
47+89=136;,train
12+39=051;,train
93+23=116;,train
93+03=096;,train
18+56=074;,train
20+38=058;,train
01+29=030;,train
59+51=110;,train
28+44=072;,train
77+86=163;,train
62+01=063;,train
92+49=141;,train
23+92=115;,train
71+81=152;,train
63+38=101;,train
15+48=063;,train
32+49=081;,train
55+01=056;,train
19+54=073;,train
45+92=137;,train
73+73=146;,train
91+60=151;,train
32+43=075;,train
51+81=132;,train
89+74=163;,train
23+74=097;,train
63+32=095;,train
09+33=042;,train
35+98=133;,train
76+47=123;,train
37+70=107;,train
15+98=113;,train
53+97=150;,train
84+25=109;,train
45+88=133;,train
33+22=055;,train
99+73=172;,train
70+71=141;,train
50+08=058;,train
58+27=085;,train
48+89=137;,train
35+28=063;,train
68+82=150;,train
45+91=136;,train
44+40=084;,train
23+25=048;,train
07+49=056;,train
21+73=094;,train
74+49=123;,train
41+81=122;,train
13+26=039;,train
93+98=191;,train
51+37=088;,train
78+70=148;,train
30+34=064;,train
66+59=125;,train
18+67=085;,train
04+66=070;,train
22+13=035;,train
97+60=157;,train
67+63=130;,train
08+96=104;,train
23+36=059;,train
76+16=092;,train
26+84=110;,train
15+86=101;,train
92+77=169;,train
54+38=092;,train
48+45=093;,train
60+06=066;,train
83+13=096;,train
17+30=047;,train
76+37=113;,train
74+63=137;,train
79+44=123;,train
69+83=152;,train
02+57=059;,train
20+76=096;,train
84+33=117;,train
05+07=012;,train
54+27=081;,train
49+66=115;,train
38+58=096;,train
94+85=179;,train
92+52=144;,train
78+98=176;,train
71+10=081;,train
07+18=025;,train
34+35=069;,train
78+85=163;,train
50+82=132;,train
17+01=018;,train
39+63=102;,train
21+91=112;,train
51+66=117;,train
45+19=064;,train
30+77=107;,train
94+63=157;,train
68+52=120;,train
30+09=039;,train
33+96=129;,train
42+59=101;,train
79+05=084;,train
74+44=118;,train
86+81=167;,train
46+44=090;,train
42+35=077;,train
58+54=112;,train
87+82=169;,train
81+23=104;,train
82+86=168;,train
13+12=025;,train
66+15=081;,train
13+07=020;,train
55+07=062;,train
49+21=070;,train
87+54=141;,train
32+07=039;,train
57+61=118;,train
71+07=078;,train
87+49=136;,train
53+31=084;,train
54+93=147;,train
05+68=073;,train
38+55=093;,train
48+07=055;,train
29+52=081;,train
55+43=098;,train
41+39=080;,train
50+10=060;,train
26+49=075;,train
64+88=152;,train
61+43=104;,train
93+68=161;,train
33+07=040;,train
84+64=148;,train
96+75=171;,train
38+59=097;,train
75+52=127;,train
70+48=118;,train
76+04=080;,train
27+01=028;,train
62+52=114;,train
47+77=124;,train
78+31=109;,train
55+83=138;,train
10+70=080;,train
88+08=096;,train
01+88=089;,train
23+22=045;,train
93+58=151;,train
83+47=130;,train
95+94=189;,train
52+99=151;,train
56+29=085;,train
42+78=120;,train
03+20=023;,train
69+03=072;,train
21+12=033;,train
63+75=138;,train
01+11=012;,train
26+54=080;,train
99+89=188;,train
31+21=052;,train
74+53=127;,train
67+20=087;,train
27+49=076;,train
07+53=060;,train
74+00=074;,train
75+78=153;,train
37+00=037;,train
37+73=110;,train
71+56=127;,train
31+93=124;,train
77+20=097;,train
59+83=142;,train
26+53=079;,train
68+49=117;,train
50+77=127;,train
37+95=132;,train
53+69=122;,train
00+76=076;,train
71+36=107;,train
04+18=022;,train
37+31=068;,train
31+43=074;,train
32+42=074;,train
66+56=122;,train
62+09=071;,train
75+90=165;,train
24+19=043;,train
10+67=077;,train
10+51=061;,train
33+78=111;,train
46+24=070;,train
30+73=103;,train
82+93=175;,train
34+47=081;,train
75+81=156;,train
56+08=064;,train
04+89=093;,train
96+66=162;,train
19+65=084;,train
26+20=046;,train
64+43=107;,train
18+12=030;,train
55+99=154;,train
34+14=048;,train
18+15=033;,train
74+22=096;,train
69+25=094;,train
66+82=148;,train
10+33=043;,train
76+86=162;,train
01+01=002;,train
90+96=186;,train
67+38=105;,train
47+65=112;,train
95+98=193;,train
97+39=136;,train
85+81=166;,train
02+96=098;,train
13+77=090;,train
52+34=086;,train
65+57=122;,train
02+98=100;,train
59+59=118;,train
66+27=093;,train
23+44=067;,train
77+13=090;,train
82+32=114;,train
47+66=113;,train
38+46=084;,train
88+90=178;,train
53+86=139;,train
51+32=083;,train
87+72=159;,train
45+96=141;,train
02+04=006;,train
38+48=086;,train
22+76=098;,train
36+88=124;,train
30+81=111;,train
51+21=072;,train
14+86=100;,train
50+45=095;,train
72+00=072;,train
79+60=139;,train
39+81=120;,train
04+94=098;,train
31+68=099;,train
06+33=039;,train
53+12=065;,train
91+16=107;,train
74+09=083;,train
71+63=134;,train
48+60=108;,train
25+42=067;,train
64+52=116;,train
94+03=097;,train
40+43=083;,train
13+89=102;,train
80+91=171;,train
59+11=070;,train
30+04=034;,train
79+70=149;,train
67+74=141;,train
12+09=021;,train
17+54=071;,train
87+52=139;,train
84+18=102;,train
59+24=083;,train
47+70=117;,train
88+84=172;,train
57+24=081;,train
38+11=049;,train
28+17=045;,train
46+51=097;,train
09+10=019;,train
58+53=111;,train
91+56=147;,train
03+01=004;,train
09+82=091;,train
36+91=127;,train
14+94=108;,train
70+75=145;,train
98+13=111;,train
36+56=092;,train
92+69=161;,train
75+34=109;,train
14+33=047;,train
71+50=121;,train
26+22=048;,train
82+12=094;,train
02+89=091;,train
21+77=098;,train
76+27=103;,train
77+87=164;,train
05+60=065;,train
01+63=064;,train
41+16=057;,train
46+94=140;,train
10+99=109;,train
11+82=093;,train
58+35=093;,train
97+79=176;,train
77+72=149;,train
90+71=161;,train
27+16=043;,train
96+86=182;,train
96+17=113;,train
51+77=128;,train
11+25=036;,train
56+25=081;,train
47+21=068;,train
69+75=144;,train
98+76=174;,train
65+64=129;,train
89+06=095;,train
28+07=035;,train
36+93=129;,train
85+02=087;,train
80+84=164;,train
00+44=044;,train
90+47=137;,train
66+99=165;,train
88+24=112;,train
39+23=062;,train
39+46=085;,train
76+66=142;,train
50+74=124;,train
12+91=103;,train
22+05=027;,train
34+51=085;,train
60+22=082;,train
53+63=116;,train
53+84=137;,train
78+39=117;,train
70+84=154;,train
11+02=013;,train
17+29=046;,train
05+66=071;,train
94+71=165;,train
94+50=144;,train
01+27=028;,train
29+38=067;,train
78+84=162;,train
48+86=134;,train
28+20=048;,train
94+19=113;,train
21+03=024;,train
73+55=128;,train
15+19=034;,train
78+54=132;,train
63+03=066;,train
71+86=157;,train
64+49=113;,train
97+29=126;,train
15+45=060;,train
48+00=048;,train
35+35=070;,train
40+83=123;,train
30+87=117;,train
43+05=048;,train
98+22=120;,train
23+42=065;,train
33+43=076;,train
56+77=133;,train
15+43=058;,train
82+08=090;,train
96+09=105;,train
93+43=136;,train
22+09=031;,train
69+85=154;,train
25+33=058;,train
84+38=122;,train
16+64=080;,train
56+41=097;,train
50+69=119;,train
40+27=067;,train
19+29=048;,train
19+93=112;,train
80+05=085;,train
97+49=146;,train
07+82=089;,train
93+53=146;,train
72+32=104;,train
97+37=134;,train
25+47=072;,train
73+13=086;,train
43+38=081;,train
89+87=176;,train
55+74=129;,train
99+90=189;,train
09+13=022;,train
12+77=089;,train
26+10=036;,train
08+55=063;,train
56+81=137;,train
54+52=106;,train
30+80=110;,train
73+37=110;,train
91+52=143;,train
44+37=081;,train
47+52=099;,train
83+73=156;,train
04+53=057;,train
66+54=120;,train
23+97=120;,train
23+70=093;,train
62+62=124;,train
12+35=047;,train
50+54=104;,train
10+06=016;,train
47+24=071;,train
45+33=078;,train
17+37=054;,train
50+80=130;,train
26+34=060;,train
25+41=066;,train
45+64=109;,train
49+73=122;,train
65+31=096;,train
79+52=131;,train
81+78=159;,train
14+70=084;,train
01+89=090;,train
07+27=034;,train
48+63=111;,train
90+20=110;,train
28+64=092;,train
06+76=082;,train
26+55=081;,train
93+26=119;,train
41+56=097;,train
34+92=126;,train
58+78=136;,train
77+41=118;,train
19+47=066;,train
89+13=102;,train
16+62=078;,train
68+26=094;,train
21+85=106;,train
66+16=082;,train
79+09=088;,train
94+92=186;,train
85+91=176;,train
24+93=117;,train
25+04=029;,train
29+98=127;,train
61+19=080;,train
21+98=119;,train
43+26=069;,train
49+75=124;,train
53+07=060;,train
24+29=053;,train
88+75=163;,train
73+85=158;,train
06+41=047;,train
29+65=094;,train
40+10=050;,train
27+84=111;,train
63+93=156;,train
57+25=082;,train
19+56=075;,train
45+02=047;,train
35+94=129;,train
36+84=120;,train
65+77=142;,train
25+90=115;,train
47+35=082;,train
35+62=097;,train
67+45=112;,train
15+96=111;,train
70+09=079;,train
80+48=128;,train
88+72=160;,train
05+88=093;,train
75+26=101;,train
38+66=104;,train
69+15=084;,train
16+59=075;,train
49+82=131;,train
03+98=101;,train
41+52=093;,train
50+25=075;,train
57+06=063;,train
00+84=084;,train
14+29=043;,train
98+75=173;,train
20+50=070;,train
72+39=111;,train
85+14=099;,train
07+05=012;,train
04+78=082;,train
42+38=080;,train
78+80=158;,train
68+89=157;,train
99+66=165;,train
20+01=021;,train
80+98=178;,train
77+30=107;,train
13+32=045;,train
75+66=141;,train
52+12=064;,train
50+24=074;,train
86+08=094;,train
16+13=029;,train
00+66=066;,train
70+61=131;,train
87+38=125;,train
72+21=093;,train
44+97=141;,train
98+97=195;,train
30+64=094;,train
63+41=104;,train
47+25=072;,train
41+72=113;,train
57+07=064;,train
59+66=125;,train
91+90=181;,train
38+50=088;,train
47+00=047;,train
53+48=101;,train
69+49=118;,train
91+95=186;,train
19+00=019;,train
31+32=063;,train
76+77=153;,train
87+16=103;,train
12+93=105;,train
87+37=124;,train
28+19=047;,train
65+21=086;,train
96+56=152;,train
36+79=115;,train
59+40=099;,train
24+64=088;,train
70+19=089;,train
17+46=063;,train
15+65=080;,train
18+74=092;,train
15+12=027;,train
11+54=065;,train
83+39=122;,train
97+72=169;,train
04+55=059;,train
54+54=108;,train
91+93=184;,train
90+54=144;,train
12+19=031;,train
64+91=155;,train
02+56=058;,train
17+88=105;,train
01+39=040;,train
22+28=050;,train
14+39=053;,train
29+51=080;,train
19+75=094;,train
33+71=104;,train
03+72=075;,train
45+21=066;,train
62+61=123;,train
39+03=042;,train
34+71=105;,train
33+83=116;,train
99+01=100;,train
47+30=077;,train
16+76=092;,train
54+18=072;,train
01+53=054;,train
57+31=088;,train
06+58=064;,train
34+85=119;,train
62+51=113;,train
08+82=090;,train
48+16=064;,train
96+52=148;,train
18+14=032;,train
90+63=153;,train
46+61=107;,train
01+40=041;,train
03+58=061;,train
89+39=128;,train
80+66=146;,train
43+97=140;,train
38+94=132;,train
63+57=120;,train
08+56=064;,train
32+59=091;,train
39+69=108;,train
69+31=100;,train
51+97=148;,train
19+78=097;,train
84+96=180;,train
02+83=085;,train
66+07=073;,train
86+22=108;,train
90+59=149;,train
14+51=065;,train
00+70=070;,train
95+37=132;,train
20+60=080;,train
09+30=039;,train
03+33=036;,train
77+10=087;,train
49+23=072;,train
13+80=093;,train
78+04=082;,train
59+58=117;,train
09+86=095;,train
71+98=169;,train
51+04=055;,train
05+69=074;,train
51+39=090;,train
62+67=129;,train
30+47=077;,train
07+95=102;,train
87+23=110;,train
31+22=053;,train
51+63=114;,train
87+62=149;,train
66+29=095;,train
57+73=130;,train
46+87=133;,train
85+55=140;,train
27+07=034;,train
71+21=092;,train
39+53=092;,train
54+61=115;,train
06+97=103;,train
32+29=061;,train
06+79=085;,train
65+61=126;,train
38+76=114;,train
03+24=027;,train
74+77=151;,train
61+69=130;,train
88+19=107;,train
59+96=155;,train
59+16=075;,train
61+79=140;,train
70+77=147;,train
49+28=077;,train
38+71=109;,train
29+93=122;,train
50+04=054;,train
33+72=105;,train
68+37=105;,train
78+13=091;,train
02+52=054;,train
01+42=043;,train
72+05=077;,train
47+55=102;,train
44+35=079;,train
66+11=077;,train
94+25=119;,train
95+84=179;,train
83+58=141;,train
92+46=138;,train
33+19=052;,train
40+23=063;,train
56+31=087;,train
90+57=147;,train
64+64=128;,train
11+61=072;,train
33+79=112;,train
98+14=112;,train
07+67=074;,train
13+27=040;,train
32+69=101;,train
10+79=089;,train
56+14=070;,train
23+79=102;,train
39+68=107;,train
34+57=091;,train
60+36=096;,train
20+25=045;,train
69+70=139;,train
06+56=062;,train
34+73=107;,train
23+80=103;,train
30+70=100;,train
99+96=195;,train
95+19=114;,train
82+91=173;,train
75+28=103;,train
50+46=096;,train
47+50=097;,train
29+92=121;,train
42+28=070;,train
06+09=015;,train
36+28=064;,train
14+96=110;,train
89+79=168;,train
60+62=122;,train
77+82=159;,train
16+41=057;,train
85+46=131;,train
25+52=077;,train
74+07=081;,train
38+37=075;,train
04+43=047;,train
72+29=101;,train
18+99=117;,train
86+69=155;,train
03+02=005;,train
98+18=116;,train
59+52=111;,train
18+29=047;,train
34+07=041;,train
87+53=140;,train
65+41=106;,train
05+02=007;,train
11+99=110;,train
99+95=194;,train
97+92=189;,train
68+67=135;,train
11+70=081;,train
61+00=061;,train
70+38=108;,train
71+61=132;,train
21+78=099;,train
20+99=119;,train
11+89=100;,train
49+97=146;,train
66+58=124;,train
98+26=124;,train
18+70=088;,train
74+31=105;,train
64+15=079;,train
32+95=127;,train
21+60=081;,train
39+09=048;,train
17+83=100;,train
64+41=105;,train
13+95=108;,train
39+16=055;,train
16+63=079;,train
90+87=177;,train
99+86=185;,train
54+20=074;,train
69+06=075;,train
17+39=056;,train
17+77=094;,train
32+98=130;,train
60+11=071;,train
92+09=101;,train
64+19=083;,train
25+59=084;,train
89+56=145;,train
76+36=112;,train
43+42=085;,train
55+21=076;,train
90+38=128;,train
07+24=031;,train
07+58=065;,train
74+62=136;,train
10+52=062;,train
29+15=044;,train
34+16=050;,train
57+42=099;,train
70+78=148;,train
32+99=131;,train
88+25=113;,train
01+84=085;,train
40+29=069;,train
54+34=088;,train
59+48=107;,train
00+59=059;,train
51+74=125;,train
51+23=074;,train
84+35=119;,train
99+68=167;,train
27+15=042;,train
52+81=133;,train
71+68=139;,train
54+00=054;,train
80+00=080;,train
62+89=151;,train
77+49=126;,train
60+49=109;,train
29+91=120;,train
03+73=076;,train
51+75=126;,train
48+26=074;,train
49+16=065;,train
71+14=085;,train
02+14=016;,train
99+79=178;,train
20+48=068;,train
51+44=095;,train
16+80=096;,train
67+79=146;,train
39+52=091;,train
70+30=100;,train
11+13=024;,train
53+37=090;,train
42+06=048;,train
20+82=102;,train
66+06=072;,train
00+53=053;,train
00+17=017;,train
67+15=082;,train
89+36=125;,train
01+52=053;,train
84+88=172;,train
92+21=113;,train
58+77=135;,train
14+97=111;,train
79+19=098;,train
08+10=018;,train
36+10=046;,train
74+59=133;,train
99+84=183;,train
56+22=078;,train
61+87=148;,train
82+59=141;,train
05+27=032;,train
40+58=098;,train
17+25=042;,train
28+93=121;,train
90+35=125;,train
58+16=074;,train
84+47=131;,train
61+91=152;,train
73+80=153;,train
21+97=118;,train
90+19=109;,train
63+54=117;,train
54+86=140;,train
82+77=159;,train
81+54=135;,train
52+85=137;,train
09+60=069;,train
52+07=059;,train
33+75=108;,train
06+18=024;,train
31+18=049;,train
79+38=117;,train
46+29=075;,train
45+61=106;,train
76+42=118;,train
72+75=147;,train
48+17=065;,train
38+91=129;,train
75+33=108;,train
79+33=112;,train
49+76=125;,train
40+84=124;,train
25+13=038;,train
40+19=059;,train
75+04=079;,train
08+09=017;,train
80+41=121;,train
39+58=097;,train
75+76=151;,train
08+31=039;,train
44+76=120;,train
08+06=014;,train
13+78=091;,train
86+95=181;,train
84+83=167;,train
31+37=068;,train
23+66=089;,train
22+38=060;,train
29+79=108;,train
88+15=103;,train
51+15=066;,train
92+26=118;,train
12+65=077;,train
24+62=086;,train
43+35=078;,train
63+78=141;,train
02+47=049;,train
23+13=036;,train
61+73=134;,train
97+21=118;,train
74+11=085;,train
42+58=100;,train
66+61=127;,train
11+40=051;,train
84+37=121;,train
76+69=145;,train
13+05=018;,train
50+64=114;,train
95+68=163;,train
46+05=051;,train
05+61=066;,train
91+06=097;,train
30+93=123;,train
63+86=149;,train
01+00=001;,train
86+54=140;,train
72+42=114;,train
86+03=089;,train
17+90=107;,train
80+76=156;,train
96+25=121;,train
44+69=113;,train
88+49=137;,train
98+09=107;,train
21+25=046;,train
06+77=083;,train
88+99=187;,train
14+71=085;,train
49+35=084;,train
67+92=159;,train
91+55=146;,train
53+66=119;,train
79+95=174;,train
31+58=089;,train
31+56=087;,train
35+85=120;,train
07+89=096;,train
29+39=068;,train
47+13=060;,train
03+40=043;,train
80+01=081;,train
06+02=008;,train
77+56=133;,train
12+26=038;,train
43+19=062;,train
58+74=132;,train
22+55=077;,train
75+17=092;,train
17+49=066;,train
75+91=166;,train
37+79=116;,train
38+32=070;,train
25+66=091;,train
06+10=016;,train
75+88=163;,train
98+35=133;,train
50+98=148;,train
66+73=139;,train
92+06=098;,train
40+62=102;,train
85+27=112;,train
37+65=102;,train
94+01=095;,train
36+99=135;,train
24+32=056;,train
13+65=078;,train
15+05=020;,train
19+39=058;,train
32+87=119;,train
02+74=076;,train
27+42=069;,train
42+03=045;,train
05+75=080;,train
36+31=067;,train
81+05=086;,train
78+08=086;,train
43+03=046;,train
24+00=024;,train
99+23=122;,train
51+92=143;,train
68+16=084;,train
80+77=157;,train
31+13=044;,train
67+64=131;,train
19+36=055;,train
15+18=033;,train
69+86=155;,train
28+18=046;,train
12+46=058;,train
36+60=096;,train
86+09=095;,train
11+16=027;,train
32+06=038;,train
35+79=114;,train
37+75=112;,train
28+70=098;,train
53+28=081;,train
60+39=099;,train
50+93=143;,train
08+01=009;,train
98+10=108;,train
22+21=043;,train
89+43=132;,train
19+70=089;,train
63+10=073;,train
81+80=161;,train
80+92=172;,train
29+63=092;,train
27+94=121;,train
63+87=150;,train
30+41=071;,train
10+13=023;,train
42+17=059;,train
20+53=073;,train
28+48=076;,train
14+20=034;,train
07+88=095;,train
44+09=053;,train
43+66=109;,train
95+04=099;,train
77+23=100;,train
15+40=055;,train
14+99=113;,train
59+03=062;,train
41+60=101;,train
32+56=088;,train
14+58=072;,train
29+87=116;,train
56+87=143;,train
54+41=095;,train
50+28=078;,train
56+36=092;,train
31+25=056;,train
89+71=160;,train
83+98=181;,train
49+88=137;,train
21+08=029;,train
34+04=038;,train
44+80=124;,train
24+65=089;,train
24+40=064;,train
21+86=107;,train
50+37=087;,train
89+52=141;,train
17+68=085;,train
05+39=044;,train
95+75=170;,train
92+95=187;,train
80+62=142;,train
62+88=150;,train
13+97=110;,train
54+09=063;,train
14+21=035;,train
27+23=050;,train
61+41=102;,train
51+59=110;,train
45+68=113;,train
85+01=086;,train
88+22=110;,train
73+06=079;,train
80+03=083;,train
96+57=153;,train
46+98=144;,train
50+49=099;,train
69+60=129;,train
83+57=140;,train
49+38=087;,train
55+02=057;,train
46+57=103;,train
09+39=048;,train
74+34=108;,train
30+18=048;,train
55+90=145;,train
39+78=117;,train
38+54=092;,train
52+32=084;,train
34+97=131;,train
06+73=079;,train
57+56=113;,train
96+74=170;,train
67+33=100;,train
27+55=082;,train
60+61=121;,train
40+78=118;,train
67+31=098;,train
71+45=116;,train
73+02=075;,train
36+74=110;,train
83+69=152;,train
23+63=086;,train
56+69=125;,train
70+39=109;,train
57+78=135;,train
93+13=106;,train
05+13=018;,train
32+55=087;,train
68+19=087;,train
59+80=139;,train
87+18=105;,train
11+26=037;,train
73+31=104;,train
25+40=065;,train
73+38=111;,train
86+45=131;,train
13+18=031;,train
57+72=129;,train
56+68=124;,train
14+12=026;,train
65+97=162;,train
35+27=062;,train
32+02=034;,train
28+71=099;,train
70+64=134;,train
56+56=112;,train
03+81=084;,train
90+37=127;,train
04+82=086;,train
79+45=124;,train
45+83=128;,train
10+04=014;,train
82+38=120;,train
21+75=096;,train
16+29=045;,train
74+86=160;,train
65+44=109;,train
06+59=065;,train
90+66=156;,train
31+12=043;,train
16+54=070;,train
11+92=103;,train
85+38=123;,train
25+99=124;,train
76+88=164;,train
84+61=145;,train
05+70=075;,train
84+80=164;,train
60+37=097;,train
73+17=090;,train
11+01=012;,train
23+33=056;,train
37+50=087;,train
39+62=101;,train
96+08=104;,train
47+56=103;,train
90+03=093;,train
54+50=104;,train
46+99=145;,train
92+25=117;,train
03+14=017;,train
37+90=127;,train
04+93=097;,train
82+74=156;,train
23+91=114;,train
70+74=144;,train
63+69=132;,train
07+09=016;,train
26+51=077;,train
93+62=155;,train
58+28=086;,train
84+66=150;,train
94+54=148;,train
83+61=144;,train
83+00=083;,train
04+04=008;,train
56+60=116;,train
51+05=056;,train
79+37=116;,train
01+38=039;,train
17+15=032;,train
97+63=160;,train
38+16=054;,train
28+84=112;,train
60+25=085;,train
21+95=116;,train
11+90=101;,train
66+55=121;,train
59+73=132;,train
17+13=030;,train
82+50=132;,train
08+80=088;,train
58+84=142;,train
89+59=148;,train
65+92=157;,train
53+72=125;,train
60+14=074;,train
80+26=106;,train
80+53=133;,train
25+12=037;,train
54+62=116;,train
53+52=105;,train
07+16=023;,train
79+03=082;,train
55+00=055;,train
62+42=104;,train
60+77=137;,train
46+81=127;,train
67+78=145;,train
23+96=119;,train
05+00=005;,train
19+43=062;,train
13+85=098;,train
02+71=073;,train
03+48=051;,train
52+91=143;,train
16+75=091;,train
56+63=119;,train
39+98=137;,train
70+49=119;,train
88+54=142;,train
67+12=079;,train
84+20=104;,train
19+71=090;,train
05+97=102;,train
25+60=085;,train
47+42=089;,train
48+67=115;,train
80+31=111;,train
37+89=126;,train
42+16=058;,train
31+57=088;,train
97+27=124;,train
78+92=170;,train
60+29=089;,train
24+74=098;,train
52+96=148;,train
99+11=110;,train
16+43=059;,train
49+17=066;,train
84+41=125;,train
99+41=140;,train
77+31=108;,train
75+99=174;,train
47+90=137;,train
70+76=146;,train
22+12=034;,train
93+08=101;,train
21+44=065;,train
53+89=142;,train
23+85=108;,train
93+22=115;,train
15+84=099;,train
93+99=192;,train
09+77=086;,train
09+16=025;,train
58+82=140;,train
81+66=147;,train
44+15=059;,train
68+32=100;,train
34+29=063;,train
66+49=115;,train
72+87=159;,train
64+39=103;,train
83+17=100;,train
61+31=092;,train
67+73=140;,train
32+24=056;,train
97+90=187;,train
88+01=089;,train
96+64=160;,train
78+28=106;,train
17+41=058;,train
33+84=117;,train
65+02=067;,train
92+82=174;,train
57+71=128;,train
28+97=125;,train
94+24=118;,train
45+80=125;,train
20+36=056;,train
48+32=080;,train
41+89=130;,train
98+82=180;,train
88+09=097;,train
29+66=095;,train
19+23=042;,train
84+49=133;,train
42+02=044;,train
30+19=049;,train
36+27=063;,train
85+60=145;,train
43+33=076;,train
53+27=080;,train
84+23=107;,train
45+79=124;,train
29+54=083;,train
45+01=046;,train
61+74=135;,train
18+62=080;,train
31+02=033;,train
76+17=093;,train
25+21=046;,train
55+45=100;,train
03+18=021;,train
22+63=085;,train
91+64=155;,train
75+40=115;,train
05+62=067;,train
49+85=134;,train
25+84=109;,train
19+32=051;,train
47+07=054;,train
18+03=021;,train
40+14=054;,train
54+31=085;,train
92+44=136;,train
59+45=104;,train
62+81=143;,train
66+30=096;,train
89+50=139;,train
33+42=075;,train
41+30=071;,train
57+92=149;,train
67+82=149;,train
15+06=021;,train
85+05=090;,train
70+23=093;,train
38+61=099;,train
32+47=079;,train
70+72=142;,train
06+93=099;,train
95+46=141;,train
35+77=112;,train
06+69=075;,train
15+90=105;,train
86+98=184;,train
44+19=063;,train
29+86=115;,train
29+80=109;,train
52+93=145;,train
88+60=148;,train
14+41=055;,train
43+90=133;,train
07+51=058;,train
00+74=074;,train
70+20=090;,train
17+07=024;,train
76+57=133;,train
73+96=169;,train
45+32=077;,train
73+23=096;,train
37+99=136;,train
92+68=160;,train
37+85=122;,train
70+24=094;,train
80+88=168;,train
04+30=034;,train
65+07=072;,train
47+37=084;,train
23+00=023;,train
24+99=123;,train
93+36=129;,train
37+57=094;,train
68+66=134;,train
68+97=165;,train
72+23=095;,train
59+31=090;,train
00+45=045;,train
62+96=158;,train
81+68=149;,train
85+41=126;,train
97+31=128;,train
44+04=048;,train
39+88=127;,train
85+93=178;,train
27+73=100;,train
13+84=097;,train
32+85=117;,train
96+77=173;,train
57+85=142;,train
56+35=091;,train
02+55=057;,train
05+50=055;,train
95+81=176;,train
08+85=093;,train
55+91=146;,train
71+26=097;,train
67+51=118;,train
82+75=157;,train
91+28=119;,train
23+40=063;,train
63+00=063;,train
82+43=125;,train
95+23=118;,train
90+04=094;,train
61+78=139;,train
10+03=013;,train
42+26=068;,train
25+19=044;,train
39+13=052;,train
24+67=091;,train
68+80=148;,train
93+34=127;,train
64+05=069;,train
50+89=139;,train
67+80=147;,train
96+84=180;,train
14+32=046;,train
97+43=140;,train
66+72=138;,train
40+26=066;,train
38+52=090;,train
01+31=032;,train
24+06=030;,train
64+78=142;,train
42+55=097;,train
97+05=102;,train
42+01=043;,train
86+28=114;,train
44+59=103;,train
08+18=026;,train
24+13=037;,train
95+41=136;,train
94+64=158;,train
49+58=107;,train
22+85=107;,train
39+82=121;,train
00+27=027;,train
34+77=111;,train
44+07=051;,train
85+65=150;,train
72+04=076;,train
95+72=167;,train
26+99=125;,train
53+42=095;,train
20+87=107;,train
74+46=120;,train
55+28=083;,train
35+21=056;,train
23+68=091;,train
86+90=176;,train
27+31=058;,train
66+36=102;,train
51+00=051;,train
47+19=066;,train
30+11=041;,train
14+08=022;,train
34+30=064;,train
41+79=120;,train
65+45=110;,train
81+76=157;,train
16+40=056;,train
22+67=089;,train
10+95=105;,train
92+10=102;,train
15+60=075;,train
16+88=104;,train
38+62=100;,train
71+51=122;,train
35+81=116;,train
16+98=114;,train
02+21=023;,train
54+64=118;,train
86+92=178;,train
53+80=133;,train
97+03=100;,train
00+13=013;,train
45+60=105;,train
81+82=163;,train
06+94=100;,train
68+00=068;,train
01+20=021;,train
02+35=037;,train
39+27=066;,train
63+11=074;,train
47+63=110;,train
19+08=027;,train
23+38=061;,train
97+14=111;,train
01+49=050;,train
16+14=030;,train
34+32=066;,train
32+36=068;,train
39+90=129;,train
39+61=100;,train
67+18=085;,train
56+19=075;,train
30+92=122;,train
92+71=163;,train
33+39=072;,train
18+54=072;,train
58+49=107;,train
09+15=024;,train
67+91=158;,train
56+49=105;,train
72+54=126;,train
75+15=090;,train
32+60=092;,train
11+58=069;,train
24+35=059;,train
10+97=107;,train
27+24=051;,train
37+03=040;,train
39+75=114;,train
62+19=081;,train
91+09=100;,train
07+63=070;,train
29+17=046;,train
63+47=110;,train
00+77=077;,train
77+54=131;,train
59+17=076;,train
48+85=133;,train
25+67=092;,train
11+96=107;,train
40+72=112;,train
56+72=128;,train
30+06=036;,train
83+33=116;,train
42+11=053;,train
71+29=100;,train
21+76=097;,train
54+75=129;,train
58+73=131;,train
62+98=160;,train
95+12=107;,train
54+72=126;,train
19+16=035;,train
15+02=017;,train
61+93=154;,train
07+71=078;,train
06+78=084;,train
03+00=003;,train
69+64=133;,train
23+04=027;,train
70+33=103;,train
55+04=059;,train
14+84=098;,train
84+87=171;,train
38+92=130;,train
36+69=105;,train
14+34=048;,train
83+75=158;,train
25+73=098;,train
23+29=052;,train
24+45=069;,train
36+02=038;,train
00+28=028;,train
20+89=109;,train
30+88=118;,train
53+85=138;,train
96+61=157;,train
33+13=046;,train
65+80=145;,train
30+39=069;,train
08+26=034;,train
86+53=139;,train
34+98=132;,train
76+35=111;,train
74+29=103;,train
03+44=047;,train
52+53=105;,train
35+86=121;,train
57+75=132;,train
54+16=070;,train
72+66=138;,train
45+26=071;,train
21+90=111;,train
66+05=071;,train
97+11=108;,train
10+43=053;,train
82+68=150;,train
13+66=079;,train
19+77=096;,train
29+75=104;,train
73+90=163;,train
57+30=087;,train
99+04=103;,train
72+48=120;,train
97+23=120;,train
42+00=042;,train
77+52=129;,train
35+26=061;,train
70+13=083;,train
75+32=107;,train
82+57=139;,train
65+42=107;,train
54+39=093;,train
65+36=101;,train
01+94=095;,train
23+05=028;,train
73+76=149;,train
67+87=154;,train
25+68=093;,train
79+18=097;,train
46+43=089;,train
62+57=119;,train
86+88=174;,train
24+96=120;,train
54+92=146;,train
50+71=121;,train
63+80=143;,train
69+77=146;,train
48+93=141;,train
04+08=012;,train
28+69=097;,train
57+99=156;,train
37+12=049;,train
77+66=143;,train
42+97=139;,train
95+17=112;,train
62+71=133;,train
57+45=102;,train
88+67=155;,train
39+36=075;,train
43+43=086;,train
25+03=028;,train
96+76=172;,train
74+02=076;,train
10+19=029;,train
72+41=113;,train
16+16=032;,train
26+89=115;,train
96+51=147;,train
05+89=094;,train
55+53=108;,train
52+15=067;,train
35+60=095;,train
92+55=147;,train
71+80=151;,train
94+31=125;,train
14+19=033;,train
29+03=032;,train
15+54=069;,train
21+74=095;,train
24+30=054;,train
78+03=081;,train
59+78=137;,train
48+99=147;,train
84+30=114;,train
68+21=089;,train
44+74=118;,train
11+57=068;,train
96+85=181;,train
18+28=046;,train
65+81=146;,train
46+72=118;,train
73+33=106;,train
85+15=100;,train
37+30=067;,train
60+66=126;,train
68+60=128;,train
65+34=099;,train
43+93=136;,train
59+42=101;,train
92+48=140;,train
84+92=176;,train
47+72=119;,train
20+90=110;,train
25+43=068;,train
09+03=012;,train
00+24=024;,train
59+25=084;,train
27+39=066;,train
34+99=133;,train
02+42=044;,train
50+44=094;,train
10+16=026;,train
49+46=095;,train
17+51=068;,train
28+30=058;,train
33+23=056;,train
74+20=094;,train
96+03=099;,train
18+71=089;,train
03+28=031;,train
94+13=107;,train
31+38=069;,train
68+83=151;,train
48+15=063;,train
60+08=068;,train
51+65=116;,train
62+27=089;,train
32+13=045;,train
20+64=084;,train
22+60=082;,train
31+83=114;,train
28+34=062;,train
10+24=034;,train
67+55=122;,train
74+41=115;,train
32+35=067;,train
49+60=109;,train
27+18=045;,train
89+96=185;,train
97+80=177;,train
46+47=093;,train
42+44=086;,train
30+24=054;,train
76+44=120;,train
45+25=070;,train
34+59=093;,train
47+17=064;,train
89+25=114;,train
71+05=076;,train
87+90=177;,train
18+94=112;,train
60+65=125;,train
94+58=152;,train
86+97=183;,train
43+98=141;,train
08+88=096;,train
23+65=088;,train
69+40=109;,train
86+02=088;,train
19+34=053;,train
23+43=066;,train
19+20=039;,train
26+30=056;,train
55+89=144;,train
08+22=030;,train
06+46=052;,train
19+28=047;,train
99+27=126;,train
58+66=124;,train
41+20=061;,train
15+81=096;,train
65+08=073;,train
66+84=150;,train
52+47=099;,train
18+06=024;,train
02+43=045;,train
00+91=091;,train
71+30=101;,train
51+33=084;,train
74+27=101;,train
06+80=086;,train
16+26=042;,train
23+24=047;,train
95+92=187;,train
28+41=069;,train
86+33=119;,train
06+11=017;,train
82+24=106;,train
71+08=079;,train
39+15=054;,train
96+16=112;,train
17+79=096;,train
00+96=096;,train
96+27=123;,train
18+69=087;,train
45+40=085;,train
11+03=014;,train
52+33=085;,train
45+31=076;,train
96+62=158;,train
63+46=109;,train
36+16=052;,train
83+65=148;,train
11+29=040;,train
21+13=034;,train
58+55=113;,train
32+37=069;,train
97+44=141;,train
92+94=186;,train
18+75=093;,train
34+81=115;,train
50+09=059;,train
72+28=100;,train
27+58=085;,train
00+50=050;,train
33+82=115;,train
78+27=105;,train
50+11=061;,train
97+51=148;,train
69+94=163;,train
09+56=065;,train
03+07=010;,train
93+50=143;,train
33+55=088;,train
77+19=096;,train
06+60=066;,train
94+55=149;,train
07+19=026;,train
62+03=065;,train
50+26=076;,train
73+93=166;,train
08+47=055;,train
85+70=155;,train
85+54=139;,train
61+11=072;,train
60+52=112;,train
07+73=080;,train
09+99=108;,train
28+14=042;,train
55+29=084;,train
10+02=012;,train
79+24=103;,train
41+91=132;,train
44+12=056;,train
79+96=175;,train
42+52=094;,train
49+55=104;,train
02+00=002;,train
88+63=151;,train
38+15=053;,train
02+62=064;,train
56+02=058;,train
53+95=148;,train
69+97=166;,train
65+55=120;,train
71+47=118;,train
89+30=119;,train
77+21=098;,train
60+45=105;,train
29+37=066;,train
48+80=128;,train
90+97=187;,train
07+61=068;,train
45+27=072;,train
96+58=154;,train
31+20=051;,train
39+59=098;,train
71+18=089;,train
64+36=100;,train
72+40=112;,train
66+48=114;,train
96+40=136;,train
41+84=125;,train
21+39=060;,train
51+12=063;,train
11+12=023;,train
17+08=025;,train
22+65=087;,train
81+13=094;,train
69+61=130;,train
46+36=082;,train
85+20=105;,train
95+29=124;,train
65+15=080;,train
82+60=142;,train
56+03=059;,train
61+06=067;,train
66+25=091;,train
63+53=116;,train
47+06=053;,train
84+94=178;,train
02+69=071;,train
27+50=077;,train
99+91=190;,train
93+69=162;,train
57+97=154;,train
49+31=080;,train
17+60=077;,train
05+80=085;,train
97+47=144;,train
74+35=109;,train
63+99=162;,train
43+29=072;,train
99+75=174;,train
61+83=144;,train
65+23=088;,train
32+04=036;,train
05+24=029;,train
98+39=137;,train
79+39=118;,train
87+67=154;,train
21+01=022;,train
70+10=080;,train
66+98=164;,train
01+85=086;,train
44+28=072;,train
79+81=160;,train
52+59=111;,train
24+42=066;,train
62+50=112;,train
34+68=102;,train
17+82=099;,train
64+50=114;,train
18+96=114;,train
18+78=096;,train
54+30=084;,train
32+63=095;,train
74+71=145;,train
01+66=067;,train
49+57=106;,train
09+00=009;,train
46+15=061;,train
89+82=171;,train
70+59=129;,train
70+04=074;,train
89+85=174;,train
69+78=147;,train
71+69=140;,train
07+44=051;,train
69+69=138;,train
78+45=123;,train
53+64=117;,train
37+01=038;,train
38+28=066;,train
51+67=118;,train
50+22=072;,train
94+34=128;,train
65+69=134;,train
85+50=135;,train
88+13=101;,train
88+16=104;,train
80+60=140;,train
57+03=060;,train
45+89=134;,train
50+19=069;,train
25+48=073;,train
83+51=134;,train
94+15=109;,train
50+57=107;,train
48+42=090;,train
51+11=062;,train
60+19=079;,train
49+29=078;,train
20+49=069;,train
56+06=062;,train
15+77=092;,train
40+76=116;,train
13+96=109;,train
99+14=113;,train
65+28=093;,train
12+40=052;,train
20+12=032;,train
88+18=106;,train
37+23=060;,train
33+00=033;,train
33+16=049;,train
94+26=120;,train
11+45=056;,train
55+52=107;,train
75+44=119;,train
38+93=131;,train
16+24=040;,train
22+56=078;,train
92+41=133;,train
52+89=141;,train
20+04=024;,train
77+37=114;,train
85+58=143;,train
47+51=098;,train
19+96=115;,train
14+30=044;,train
28+88=116;,train
25+87=112;,train
78+91=169;,train
42+91=133;,train
79+54=133;,train
08+24=032;,train
09+36=045;,train
58+89=147;,train
96+30=126;,train
01+70=071;,train
36+07=043;,train
86+18=104;,train
79+23=102;,train
78+78=156;,train
93+70=163;,train
51+24=075;,train
92+86=178;,train
44+65=109;,train
03+30=033;,train
20+31=051;,train
89+83=172;,train
02+46=048;,train
21+24=045;,train
42+56=098;,train
21+40=061;,train
37+80=117;,train
61+21=082;,train
37+63=100;,train
17+05=022;,train
40+13=053;,train
03+31=034;,train
64+80=144;,train
70+94=164;,train
05+28=033;,train
31+86=117;,train
95+25=120;,train
96+28=124;,train
06+30=036;,train
44+20=064;,train
38+96=134;,train
88+44=132;,train
17+21=038;,train
65+60=125;,train
02+94=096;,train
76+22=098;,train
14+59=073;,train
71+88=159;,train
40+45=085;,train
55+65=120;,train
09+24=033;,train
56+00=056;,train
07+22=029;,train
37+53=090;,train
51+06=057;,train
02+34=036;,train
07+54=061;,train
15+68=083;,train
51+83=134;,train
22+33=055;,train
63+18=081;,train
99+36=135;,train
72+10=082;,train
85+74=159;,train
24+09=033;,train
88+31=119;,train
40+66=106;,train
08+34=042;,train
84+09=093;,train
29+57=086;,train
66+96=162;,train
75+48=123;,train
28+06=034;,train
03+49=052;,train
57+98=155;,train
91+11=102;,train
72+07=079;,train
82+22=104;,train
19+94=113;,train
24+76=100;,train
13+39=052;,train
90+10=100;,train
42+13=055;,train
34+09=043;,train
69+34=103;,train
49+41=090;,train
72+49=121;,train
84+11=095;,train
12+84=096;,train
08+97=105;,train
51+46=097;,train
21+38=059;,train
07+41=048;,train
88+32=120;,train
14+85=099;,train
39+55=094;,train
32+27=059;,train
93+54=147;,train
59+38=097;,train
72+88=160;,train
02+44=046;,train
12+99=111;,train
45+54=099;,train
54+10=064;,train
78+89=167;,train
29+32=061;,train
64+28=092;,train
02+27=029;,train
46+90=136;,train
34+49=083;,train
41+70=111;,train
35+31=066;,train
61+84=145;,train
55+31=086;,train
87+21=108;,train
53+92=145;,train
01+79=080;,train
20+46=066;,train
20+00=020;,train
99+17=116;,train
41+87=128;,train
85+69=154;,train
48+33=081;,train
43+65=108;,train
72+81=153;,train
28+16=044;,train
04+12=016;,train
97+32=129;,train
80+40=120;,train
92+73=165;,train
89+69=158;,train
92+64=156;,train
31+76=107;,train
20+66=086;,train
57+57=114;,train
52+41=093;,train
80+21=101;,train
57+49=106;,train
92+66=158;,train
49+84=133;,train
24+48=072;,train
30+48=078;,train
60+90=150;,train
81+69=150;,train
12+22=034;,train
85+95=180;,train
42+12=054;,train
12+70=082;,train
63+62=125;,train
67+08=075;,train
93+55=148;,train
00+95=095;,train
76+61=137;,train
42+47=089;,train
18+95=113;,train
25+98=123;,train
71+04=075;,train
09+37=046;,train
92+07=099;,train
97+09=106;,train
17+66=083;,train
87+33=120;,train
95+36=131;,train
17+20=037;,train
39+10=049;,train
94+22=116;,train
91+69=160;,train
09+72=081;,train
08+21=029;,train
81+81=162;,train
54+80=134;,train
98+06=104;,train
46+75=121;,train
73+27=100;,train
49+72=121;,train
44+41=085;,train
87+86=173;,train
10+28=038;,train
44+42=086;,train
73+07=080;,train
33+61=094;,train
20+78=098;,train
95+64=159;,train
27+80=107;,train
26+69=095;,train
04+47=051;,train
50+56=106;,train
14+46=060;,train
20+43=063;,train
37+08=045;,train
59+50=109;,train
38+09=047;,train
74+19=093;,train
80+97=177;,train
87+93=180;,train
44+78=122;,train
82+01=083;,train
79+00=079;,train
98+40=138;,train
03+84=087;,train
39+50=089;,train
13+59=072;,train
52+19=071;,train
23+52=075;,train
07+86=093;,train
87+22=109;,train
35+99=134;,train
15+83=098;,train
92+34=126;,train
19+85=104;,train
66+93=159;,train
03+19=022;,train
59+43=102;,train
13+13=026;,train
26+90=116;,train
54+12=066;,train
72+83=155;,train
50+02=052;,train
18+51=069;,train
39+37=076;,train
99+37=136;,train
92+43=135;,train
06+71=077;,train
77+73=150;,train
91+91=182;,train
59+65=124;,train
46+85=131;,train
72+60=132;,train
40+44=084;,train
58+29=087;,train
25+23=048;,train
58+33=091;,train
40+36=076;,train
49+65=114;,train
81+90=171;,train
71+78=149;,train
82+92=174;,train
30+03=033;,train
98+94=192;,train
95+38=133;,train
10+55=065;,train
19+03=022;,train
50+99=149;,train
40+65=105;,train
06+83=089;,train
56+33=089;,train
41+95=136;,train
79+14=093;,train
60+04=064;,train
82+98=180;,train
87+71=158;,train
96+48=144;,train
79+46=125;,train
70+51=121;,train
98+64=162;,train
11+05=016;,train
20+86=106;,train
67+61=128;,train
52+09=061;,train
99+06=105;,train
23+45=068;,train
75+27=102;,train
09+96=105;,train
31+72=103;,train
92+61=153;,train
85+06=091;,train
74+05=079;,train
41+73=114;,train
41+25=066;,train
88+98=186;,train
45+53=098;,train
79+01=080;,train
09+14=023;,train
31+74=105;,train
30+28=058;,train
06+36=042;,train
86+62=148;,train
56+16=072;,train
22+20=042;,train
26+24=050;,train
80+68=148;,train
15+59=074;,train
64+82=146;,train
64+31=095;,train
83+22=105;,train
04+91=095;,train
77+40=117;,train
08+16=024;,train
49+96=145;,train
77+08=085;,train
00+63=063;,train
22+32=054;,train
97+75=172;,train
94+07=101;,train
32+75=107;,train
26+19=045;,train
90+62=152;,train
94+91=185;,train
86+25=111;,train
67+37=104;,train
98+30=128;,train
35+37=072;,train
29+43=072;,train
78+64=142;,train
12+11=023;,train
22+94=116;,train
98+83=181;,train
96+87=183;,train
91+67=158;,train
25+20=045;,train
84+01=085;,train
91+38=129;,train
32+23=055;,train
63+24=087;,train
95+77=172;,train
80+99=179;,train
12+53=065;,train
81+57=138;,train
81+98=179;,train
20+24=044;,train
47+28=075;,train
54+63=117;,train
88+66=154;,train
50+41=091;,train
93+39=132;,train
28+59=087;,train
72+57=129;,train
85+31=116;,train
21+21=042;,train
64+35=099;,train
70+31=101;,train
37+58=095;,train
19+95=114;,train
31+95=126;,train
13+92=105;,train
44+55=099;,train
67+70=137;,train
63+26=089;,train
47+83=130;,train
69+12=081;,train
70+22=092;,train
49+00=049;,train
17+84=101;,train
77+48=125;,train
12+86=098;,train
57+89=146;,train
72+47=119;,train
56+26=082;,train
75+85=160;,train
22+68=090;,train
02+38=040;,train
34+11=045;,train
20+42=062;,train
45+84=129;,train
03+42=045;,train
56+28=084;,train
18+64=082;,train
88+81=169;,train
30+78=108;,train
52+80=132;,train
56+45=101;,train
81+35=116;,train
37+07=044;,train
06+42=048;,train
29+77=106;,train
37+76=113;,train
89+60=149;,train
67+13=080;,train
55+40=095;,train
91+70=161;,train
11+88=099;,train
85+34=119;,train
73+24=097;,train
68+93=161;,train
56+98=154;,train
48+28=076;,train
48+55=103;,train
34+56=090;,train
25+89=114;,train
10+14=024;,train
24+20=044;,train
01+83=084;,train
91+37=128;,train
76+15=091;,train
65+30=095;,train
09+48=057;,train
13+87=100;,train
09+25=034;,train
93+47=140;,train
32+68=100;,train
05+63=068;,train
71+38=109;,train
73+69=142;,train
58+79=137;,train
38+57=095;,train
90+80=170;,train
09+34=043;,train
52+06=058;,train
45+22=067;,train
80+65=145;,train
17+22=039;,train
14+54=068;,train
47+69=116;,train
73+32=105;,train
61+14=075;,train
81+50=131;,train
48+51=099;,train
89+93=182;,train
89+51=140;,train
85+98=183;,train
28+55=083;,train
17+38=055;,train
63+63=126;,train
01+25=026;,train
73+39=112;,train
05+96=101;,train
83+45=128;,train
51+84=135;,train
18+92=110;,train
09+38=047;,train
26+05=031;,train
62+33=095;,train
16+51=067;,train
34+45=079;,train
32+38=070;,train
41+36=077;,train
95+91=186;,train
26+36=062;,train
09+85=094;,train
27+96=123;,train
64+14=078;,train
14+00=014;,train
82+19=101;,train
49+14=063;,train
19+09=028;,train
83+10=093;,train
19+41=060;,train
57+44=101;,train
22+54=076;,train
10+90=100;,train
95+31=126;,train
30+68=098;,train
15+87=102;,train
51+55=106;,train
38+51=089;,train
36+95=131;,train
73+94=167;,train
61+27=088;,train
37+39=076;,train
82+76=158;,train
78+65=143;,train
73+12=085;,train
75+67=142;,train
41+33=074;,train
49+05=054;,train
46+76=122;,train
88+61=149;,train
76+89=165;,train
31+28=059;,train
81+25=106;,train
25+57=082;,train
62+48=110;,train
29+04=033;,train
57+76=133;,train
43+07=050;,train
95+82=177;,train
83+05=088;,train
42+29=071;,train
28+27=055;,train
89+67=156;,train
42+63=105;,train
82+30=112;,train
74+57=131;,train
74+60=134;,train
38+35=073;,train
23+08=031;,train
97+04=101;,train
27+79=106;,train
05+16=021;,train
06+03=009;,train
64+83=147;,train
77+02=079;,train
06+45=051;,train
99+02=101;,train
02+68=070;,train
91+94=185;,train
59+62=121;,train
42+89=131;,train
97+15=112;,train
06+13=019;,train
74+66=140;,train
27+06=033;,train
23+14=037;,train
46+06=052;,train
21+88=109;,train
73+97=170;,train
10+40=050;,train
05+35=040;,train
65+09=074;,train
27+27=054;,train
45+58=103;,train
05+59=064;,train
69+59=128;,train
49+47=096;,train
35+82=117;,train
90+98=188;,train
83+86=169;,train
75+45=120;,train
25+88=113;,train
55+05=060;,train
41+11=052;,train
68+58=126;,train
47+45=092;,train
52+05=057;,train
21+57=078;,train
60+53=113;,train
46+82=128;,train
95+96=191;,train
17+06=023;,train
54+71=125;,train
51+64=115;,train
74+96=170;,train
27+41=068;,train
93+61=154;,train
68+23=091;,train
63+73=136;,train
84+19=103;,train
65+37=102;,train
74+72=146;,train
69+67=136;,train
70+90=160;,train
47+98=145;,train
16+30=046;,train
92+87=179;,train
67+11=078;,train
72+16=088;,train
34+72=106;,train
54+17=071;,train
66+89=155;,train
73+84=157;,train
77+74=151;,train
41+07=048;,train
38+97=135;,train
88+34=122;,train
79+15=094;,train
81+38=119;,train
20+45=065;,train
95+00=095;,train
44+50=094;,train
32+00=032;,train
29+89=118;,train
43+46=089;,train
08+77=085;,train
39+94=133;,train
03+51=054;,train
67+36=103;,train
75+57=132;,train
48+47=095;,train
04+25=029;,train
31+05=036;,train
78+11=089;,train
83+92=175;,train
12+61=073;,train
39+31=070;,train
80+78=158;,train
92+30=122;,train
43+88=131;,train
66+09=075;,train
92+23=115;,train
44+64=108;,train
78+05=083;,train
55+15=070;,train
05+57=062;,train
13+09=022;,train
82+10=092;,train
30+59=089;,train
41+78=119;,train
87+95=182;,train
19+57=076;,train
11+87=098;,train
75+55=130;,train
02+18=020;,train
76+64=140;,train
59+26=085;,train
46+55=101;,train
80+29=109;,train
35+71=106;,train
09+81=090;,train
88+53=141;,train
26+26=052;,train
55+55=110;,train
98+27=125;,train
52+92=144;,train
87+06=093;,train
42+74=116;,train
66+86=152;,train
55+78=133;,train
86+12=098;,train
07+33=040;,train
27+36=063;,train
89+54=143;,train
28+92=120;,train
69+41=110;,train
61+54=115;,train
08+20=028;,train
72+73=145;,train
29+90=119;,train
94+67=161;,train
19+99=118;,train
75+97=172;,train
13+36=049;,train
66+12=078;,train
27+99=126;,train
17+99=116;,train
92+20=112;,train
87+80=167;,train
80+08=088;,train
42+64=106;,train
13+58=071;,train
64+97=161;,train
13+28=041;,train
00+01=001;,train
92+74=166;,train
65+13=078;,train
39+91=130;,train
96+79=175;,train
98+24=122;,train
98+87=185;,train
14+65=079;,train
57+48=105;,train
06+51=057;,train
55+87=142;,train
80+95=175;,train
84+42=126;,train
53+30=083;,train
01+22=023;,train
97+45=142;,train
96+55=151;,train
93+04=097;,train
14+45=059;,train
16+02=018;,train
16+28=044;,train
94+48=142;,train
17+61=078;,train
70+98=168;,train
87+66=153;,train
49+11=060;,train
03+92=095;,train
58+44=102;,train
99+16=115;,train
90+89=179;,train
60+56=116;,train
93+87=180;,train
05+91=096;,train
64+81=145;,train
66+64=130;,train
31+30=061;,train
93+46=139;,train
61+92=153;,train
21+26=047;,train
85+52=137;,train
80+94=174;,train
40+59=099;,train
40+90=130;,train
48+65=113;,train
25+31=056;,train
80+36=116;,train
07+91=098;,train
58+26=084;,train
53+43=096;,train
12+90=102;,train
14+93=107;,train
58+92=150;,train
06+05=011;,train
79+59=138;,train
50+42=092;,train
26+77=103;,train
97+13=110;,train
86+50=136;,train
70+25=095;,train
49+12=061;,train
45+15=060;,train
93+06=099;,train
43+00=043;,train
55+34=089;,train
35+83=118;,train
73+10=083;,train
58+83=141;,train
56+48=104;,train
33+24=057;,train
83+36=119;,train
93+27=120;,train
83+74=157;,train
03+15=018;,train
95+69=164;,train
58+75=133;,train
62+35=097;,train
84+95=179;,train
16+73=089;,train
86+10=096;,train
67+17=084;,train
43+36=079;,train
36+89=125;,train
01+56=057;,train
66+20=086;,train
99+26=125;,train
05+93=098;,train
35+07=042;,train
78+62=140;,train
06+62=068;,train
86+43=129;,train
93+24=117;,train
63+60=123;,train
56+54=110;,train
97+73=170;,train
63+12=075;,train
55+62=117;,train
05+18=023;,train
74+51=125;,train
52+95=147;,train
23+39=062;,train
00+49=049;,train
78+00=078;,train
20+77=097;,train
78+15=093;,train
51+62=113;,train
68+34=102;,train
19+61=080;,train
97+87=184;,train
63+82=145;,train
90+29=119;,train
45+12=057;,train
53+91=144;,train
15+78=093;,train
02+15=017;,train
34+40=074;,train
06+75=081;,train
89+22=111;,train
95+02=097;,train
05+31=036;,train
05+79=084;,train
58+36=094;,train
83+32=115;,train
72+01=073;,train
80+80=160;,train
50+36=086;,train
91+49=140;,train
77+17=094;,train
30+23=053;,train
36+40=076;,train
01+55=056;,train
25+93=118;,train
58+96=154;,train
42+99=141;,train
76+59=135;,train
88+64=152;,train
04+10=014;,train
70+97=167;,train
84+34=118;,train
39+56=095;,train
23+10=033;,train
58+63=121;,train
19+07=026;,train
38+82=120;,train
63+84=147;,train
93+96=189;,train
82+62=144;,train
95+08=103;,train
15+30=045;,train
95+51=146;,train
91+96=187;,train
82+31=113;,train
59+54=113;,train
10+36=046;,train
28+62=090;,train
93+45=138;,train
12+97=109;,train
20+37=057;,train
42+23=065;,train
42+75=117;,train
26+87=113;,train
49+50=099;,train
71+77=148;,train
09+35=044;,train
53+03=056;,train
37+55=092;,train
39+40=079;,train
38+29=067;,train
78+57=135;,train
03+74=077;,train
31+82=113;,train
22+35=057;,train
92+83=175;,train
46+31=077;,train
68+91=159;,train
07+11=018;,train
19+40=059;,train
75+84=159;,train
70+89=159;,train
10+22=032;,train
83+91=174;,train
41+88=129;,train
47+73=120;,train
11+09=020;,train
90+05=095;,train
76+60=136;,train
70+87=157;,train
61+16=077;,train
81+33=114;,train
81+97=178;,train
46+04=050;,train
62+82=144;,train
28+61=089;,train
02+50=052;,train
85+94=179;,train
22+10=032;,train
10+65=075;,train
73+35=108;,train
10+42=052;,train
36+38=074;,train
68+59=127;,train
37+19=056;,train
38+77=115;,train
40+69=109;,train
58+19=077;,train
17+11=028;,train
72+18=090;,train
50+55=105;,train
03+39=042;,train
39+67=106;,train
40+63=103;,train
24+60=084;,train
43+89=132;,train
54+66=120;,train
87+58=145;,train
27+03=030;,train
59+99=158;,train
68+73=141;,train
60+74=134;,train
98+42=140;,train
37+37=074;,train
24+23=047;,train
35+32=067;,train
52+04=056;,train
46+92=138;,train
71+60=131;,train
98+73=171;,train
12+94=106;,train
87+26=113;,train
08+37=045;,train
10+18=028;,train
37+56=093;,train
78+50=128;,train
64+56=120;,train
35+18=053;,train
78+72=150;,train
58+67=125;,train
88+96=184;,train
49+67=116;,train
61+90=151;,train
08+83=091;,train
83+81=164;,train
57+52=109;,train
24+22=046;,train
37+87=124;,train
99+29=128;,train
84+99=183;,train
47+23=070;,train
69+53=122;,train
70+00=070;,train
95+40=135;,train
09+76=085;,train
20+81=101;,train
48+03=051;,train
40+18=058;,train
91+89=180;,train
78+97=175;,train
17+89=106;,train
36+87=123;,train
23+32=055;,train
65+59=124;,train
47+18=065;,train
35+23=058;,train
01+67=068;,train
22+00=022;,train
43+64=107;,train
91+02=093;,train
62+17=079;,train
69+27=096;,train
75+46=121;,train
08+81=089;,train
05+99=104;,train
91+66=157;,train
08+11=019;,train
83+43=126;,train
50+86=136;,train
91+77=168;,train
73+21=094;,train
12+15=027;,train
46+37=083;,train
82+37=119;,train
32+73=105;,train
24+31=055;,train
30+29=059;,train
76+38=114;,train
39+17=056;,train
79+90=169;,train
85+40=125;,train
33+20=053;,train
96+60=156;,train
54+70=124;,train
02+40=042;,train
17+34=051;,train
61+48=109;,train
13+93=106;,train
01+61=062;,train
81+93=174;,train
28+79=107;,train
93+82=175;,train
23+46=069;,train
39+89=128;,train
88+87=175;,train
07+47=054;,train
94+72=166;,train
31+11=042;,train
74+01=075;,train
90+82=172;,train
16+82=098;,train
15+80=095;,train
14+87=101;,train
12+96=108;,train
66+51=117;,train
17+64=081;,train
53+32=085;,train
05+14=019;,train
36+23=059;,train
43+59=102;,train
82+09=091;,train
42+19=061;,train
59+27=086;,train
04+28=032;,train
40+64=104;,train
81+86=167;,train
94+02=096;,train
87+32=119;,train
23+60=083;,train
41+10=051;,train
44+56=100;,train
64+27=091;,train
19+83=102;,train
01+24=025;,train
17+32=049;,train
20+41=061;,train
60+84=144;,train
23+75=098;,train
67+44=111;,train
76+72=148;,train
04+64=068;,train
38+89=127;,train
34+24=058;,train
93+90=183;,train
71+09=080;,train
45+37=082;,train
60+94=154;,train
82+83=165;,train
53+99=152;,train
44+88=132;,train
74+74=148;,train
88+10=098;,train
67+27=094;,train
24+15=039;,train
22+03=025;,train
04+61=065;,train
63+31=094;,train
04+05=009;,train
90+53=143;,train
65+94=159;,train
33+33=066;,train
74+90=164;,train
96+13=109;,train
14+69=083;,train
05+37=042;,train
35+58=093;,train
06+47=053;,train
59+61=120;,train
60+92=152;,train
51+14=065;,train
61+26=087;,train
95+59=154;,train
44+39=083;,train
52+69=121;,train
51+76=127;,train
49+54=103;,train
09+92=101;,train
35+95=130;,train
51+78=129;,train
31+48=079;,train
32+16=048;,train
68+84=152;,train
73+61=134;,train
35+59=094;,train
20+18=038;,train
27+68=095;,train
22+73=095;,train
57+60=117;,train
79+75=154;,train
47+04=051;,train
23+76=099;,train
89+37=126;,train
79+20=099;,train
36+03=039;,train
96+41=137;,train
92+93=185;,train
11+27=038;,train
38+98=136;,train
55+64=119;,train
51+86=137;,train
42+96=138;,train
84+55=139;,train
41+96=137;,train
88+97=185;,train
07+17=024;,train
95+99=194;,train
90+85=175;,train
62+55=117;,train
92+29=121;,train
81+30=111;,train
15+09=024;,train
74+61=135;,train
19+80=099;,train
12+24=036;,train
02+90=092;,train
52+42=094;,train
96+02=098;,train
10+46=056;,train
10+71=081;,train
93+77=170;,train
53+38=091;,train
35+04=039;,train
59+28=087;,train
50+16=066;,train
03+93=096;,train
68+72=140;,train
78+66=144;,train
48+53=101;,train
33+36=069;,train
44+71=115;,train
95+55=150;,train
32+51=083;,train
44+58=102;,train
04+95=099;,train
48+81=129;,train
45+76=121;,train
99+55=154;,train
27+82=109;,train
62+73=135;,train
61+38=099;,train
65+25=090;,train
96+72=168;,train
22+52=074;,train
20+08=028;,train
69+46=115;,train
88+68=156;,train
12+17=029;,train
19+51=070;,train
84+82=166;,train
96+93=189;,train
76+81=157;,train
44+13=057;,train
80+12=092;,train
64+74=138;,train
87+36=123;,train
06+34=040;,train
36+59=095;,train
97+18=115;,train
18+65=083;,train
71+31=102;,train
27+43=070;,train
46+00=046;,train
60+60=120;,train
72+25=097;,train
00+32=032;,train
58+51=109;,train
09+63=072;,train
86+14=100;,train
82+47=129;,train
81+46=127;,train
12+01=013;,train
30+36=066;,train
11+93=104;,train
53+25=078;,train
88+41=129;,train
16+33=049;,train
13+20=033;,train
24+81=105;,train
87+08=095;,train
69+01=070;,train
83+78=161;,train
06+37=043;,train
95+09=104;,train
73+82=155;,train
43+78=121;,train
10+63=073;,train
65+74=139;,train
73+30=103;,train
40+75=115;,train
33+17=050;,train
68+33=101;,train
13+88=101;,train
02+10=012;,train
62+74=136;,train
23+30=053;,train
74+82=156;,train
69+95=164;,train
00+94=094;,train
55+30=085;,train
32+34=066;,train
12+10=022;,train
74+93=167;,train
79+93=172;,train
83+01=084;,train
57+43=100;,train
46+68=114;,train
81+20=101;,train
91+51=142;,train
50+20=070;,train
63+16=079;,train
36+53=089;,train
39+93=132;,train
36+08=044;,train
82+20=102;,train
52+71=123;,train
82+78=160;,train
97+82=179;,train
00+15=015;,train
43+81=124;,train
52+22=074;,train
78+77=155;,train
18+17=035;,train
63+29=092;,train
67+48=115;,train
77+75=152;,train
68+06=074;,train
11+35=046;,train
59+74=133;,train
31+40=071;,train
34+88=122;,train
63+33=096;,train
41+74=115;,train
23+26=049;,train
81+84=165;,train
63+59=122;,train
31+04=035;,train
70+45=115;,train
38+70=108;,train
72+99=171;,train
42+86=128;,train
88+29=117;,train
00+18=018;,train
37+88=125;,train
12+44=056;,train
40+09=049;,train
25+32=057;,train
07+39=046;,train
26+31=057;,train
69+33=102;,train
91+30=121;,train
52+28=080;,train
12+34=046;,train
79+22=101;,train
58+76=134;,train
04+42=046;,train
30+38=068;,train
72+06=078;,train
90+92=182;,train
28+25=053;,train
28+74=102;,train
87+78=165;,train
90+41=131;,train
37+27=064;,train
60+13=073;,train
33+88=121;,train
19+42=061;,train
83+72=155;,train
73+62=135;,train
49+34=083;,train
30+01=031;,train
16+15=031;,train
97+38=135;,train
85+17=102;,train
73+42=115;,train
17+96=113;,train
22+02=024;,train
43+32=075;,train
93+32=125;,train
03+16=019;,train
60+70=130;,train
51+98=149;,train
39+84=123;,train
81+26=107;,train
40+56=096;,train
19+59=078;,train
25+26=051;,train
12+58=070;,train
77+92=169;,train
03+54=057;,train
27+11=038;,train
54+46=100;,train
11+76=087;,train
83+25=108;,train
94+62=156;,train
88+78=166;,train
60+71=131;,train
40+47=087;,train
55+76=131;,train
28+72=100;,train
45+41=086;,train
31+15=046;,train
71+40=111;,train
04+50=054;,train
42+98=140;,train
31+69=100;,train
34+50=084;,train
42+40=082;,train
42+39=081;,train
39+07=046;,train
25+80=105;,train
41+41=082;,train
78+68=146;,train
88+80=168;,train
97+76=173;,train
82+05=087;,train
18+72=090;,train
62+38=100;,train
34+15=049;,train
53+17=070;,train
19+24=043;,train
33+09=042;,train
20+14=034;,train
97+81=178;,train
34+20=054;,train
36+72=108;,train
07+02=009;,train
59+21=080;,train
72+94=166;,train
36+92=128;,train
53+34=087;,train
57+38=095;,train
09+87=096;,train
68+79=147;,train
99+88=187;,train
67+54=121;,train
46+22=068;,train
63+98=161;,train
86+58=144;,train
20+40=060;,train
93+09=102;,train
05+04=009;,train
50+32=082;,train
41+17=058;,train
66+26=092;,train
43+50=093;,train
25+00=025;,train
50+72=122;,train
27+76=103;,train
65+35=100;,train
63+44=107;,train
40+86=126;,train
98+59=157;,train
59+00=059;,train
63+09=072;,train
08+45=053;,train
53+22=075;,train
84+51=135;,train
10+45=055;,train
36+45=081;,train
52+88=140;,train
91+35=126;,train
82+99=181;,train
30+21=051;,train
04+84=088;,train
80+79=159;,train
17+74=091;,train
59+47=106;,train
13+22=035;,train
24+70=094;,train
28+05=033;,train
64+69=133;,train
39+92=131;,train
88+35=123;,train
02+81=083;,train
31+78=109;,train
11+07=018;,train
72+71=143;,train
72+68=140;,train
45+14=059;,train
85+49=134;,train
41+43=084;,train
38+85=123;,train
89+24=113;,train
69+20=089;,train
11+34=045;,train
01+71=072;,train
63+21=084;,train
69+42=111;,train
35+75=110;,train
40+57=097;,train
98+56=154;,train
96+88=184;,train
45+75=120;,train
09+74=083;,train
23+15=038;,train
03+64=067;,train
36+09=045;,train
33+67=100;,train
76+20=096;,train
60+48=108;,train
65+82=147;,train
40+33=073;,train
91+50=141;,train
98+33=131;,train
38+07=045;,train
49+09=058;,train
82+40=122;,train
24+90=114;,train
08+48=056;,train
29+01=030;,train
10+11=021;,train
66+63=129;,train
19+84=103;,train
09+51=060;,train
33+51=084;,train
80+69=149;,train
14+48=062;,train
65+33=098;,train
27+56=083;,train
84+14=098;,train
87+75=162;,train
20+20=040;,train
34+80=114;,train
09+79=088;,train
58+71=129;,train
93+05=098;,train
12+55=067;,train
32+66=098;,train
94+80=174;,train
98+19=117;,train
42+73=115;,train
75+75=150;,train
06+39=045;,train
52+50=102;,train
72+97=169;,train
34+58=092;,train
41+32=073;,train
47+59=106;,train
54+59=113;,train
99+35=134;,train
55+25=080;,train
70+27=097;,train
98+51=149;,train
08+29=037;,train
89+40=129;,train
58+20=078;,train
07+10=017;,train
87+83=170;,train
57+14=071;,train
22+27=049;,train
48+43=091;,train
27+14=041;,train
85+22=107;,train
50+52=102;,train
98+68=166;,train
20+26=046;,train
58+45=103;,train
70+68=138;,train
86+74=160;,train
16+70=086;,train
22+44=066;,train
15+82=097;,train
67+75=142;,train
31+91=122;,train
14+22=036;,train
43+12=055;,train
25+56=081;,train
66+13=079;,train
57+29=086;,train
71+22=093;,train
28+95=123;,train
65+29=094;,train
02+53=055;,train
06+32=038;,train
61+08=069;,train
99+60=159;,train
43+99=142;,train
86+38=124;,train
04+45=049;,train
63+77=140;,train
77+67=144;,train
69+73=142;,train
81+37=118;,train
67+60=127;,train
73+16=089;,train
87+98=185;,train
83+90=173;,train
37+28=065;,train
02+67=069;,train
03+56=059;,train
72+11=083;,train
61+32=093;,train
16+52=068;,train
13+45=058;,train
58+99=157;,train
69+36=105;,train
98+25=123;,train
61+72=133;,train
45+62=107;,train
64+21=085;,train
14+78=092;,train
23+55=078;,train
39+38=077;,train
56+27=083;,train
83+21=104;,train
66+69=135;,train
88+39=127;,train
43+06=049;,train
31+71=102;,train
26+81=107;,train
04+33=037;,train
47+54=101;,train
10+41=051;,train
35+08=043;,train
88+88=176;,train
18+35=053;,train
33+28=061;,train
10+73=083;,train
35+00=035;,train
41+83=124;,train
29+08=037;,train
89+90=179;,train
01+03=004;,train
60+57=117;,train
31+80=111;,train
04+56=060;,train
14+55=069;,train
92+75=167;,train
49+26=075;,train
02+93=095;,train
08+12=020;,train
48+61=109;,train
04+54=058;,train
03+63=066;,train
48+91=139;,train
93+64=157;,train
08+03=011;,train
85+08=093;,train
90+11=101;,train
00+23=023;,train
50+68=118;,train
09+93=102;,train
36+90=126;,train
60+26=086;,train
27+95=122;,train
03+09=012;,train
39+24=063;,train
02+58=060;,train
52+00=052;,train
96+11=107;,train
72+08=080;,train
84+07=091;,train
30+37=067;,train
42+54=096;,train
13+63=076;,train
10+53=063;,train
18+58=076;,train
60+18=078;,train
69+62=131;,train
81+56=137;,train
74+87=161;,train
53+00=053;,train
24+79=103;,train
25+01=026;,train
17+97=114;,train
48+11=059;,train
37+06=043;,train
50+14=064;,train
64+84=148;,train
60+91=151;,train
12+82=094;,train
63+07=070;,train
62+56=118;,train
13+15=028;,train
98+48=146;,train
13+82=095;,train
08+66=074;,train
13+76=089;,train
91+29=120;,train
64+72=136;,train
41+01=042;,train
66+22=088;,train
72+22=094;,train
18+31=049;,train
00+67=067;,train
30+00=030;,train
13+70=083;,train
16+55=071;,train
00+02=002;,train
60+99=159;,train
67+53=120;,train
23+78=101;,train
75+10=085;,train
44+70=114;,train
63+39=102;,train
55+58=113;,train
51+53=104;,train
21+68=089;,train
57+83=140;,train
86+67=153;,train
95+10=105;,train
44+30=074;,train
79+68=147;,train
94+37=131;,train
76+18=094;,train
54+44=098;,train
64+93=157;,train
18+11=029;,train
33+18=051;,train
72+26=098;,train
83+06=089;,train
28+03=031;,train
52+55=107;,train
24+57=081;,train
74+99=173;,train
31+55=086;,train
77+01=078;,train
18+27=045;,train
81+12=093;,train
15+29=044;,train
24+66=090;,train
06+27=033;,train
89+04=093;,train
01+95=096;,train
94+32=126;,train
05+65=070;,train
45+36=081;,train
37+25=062;,train
96+19=115;,train
25+05=030;,train
81+94=175;,train
73+66=139;,train
58+43=101;,train
03+03=006;,train
34+62=096;,train
49+69=118;,train
96+07=103;,train
07+46=053;,train
69+19=088;,train
28+13=041;,train
35+66=101;,train
97+50=147;,train
78+29=107;,train
05+42=047;,train
53+29=082;,train
43+02=045;,train
23+90=113;,train
89+02=091;,train
48+57=105;,train
81+72=153;,train
77+58=135;,train
37+74=111;,train
61+29=090;,train
98+90=188;,train
32+91=123;,train
30+42=072;,train
41+27=068;,train
36+14=050;,train
73+67=140;,train
12+83=095;,train
71+55=126;,train
47+86=133;,train
91+54=145;,train
29+55=084;,train
45+11=056;,train
17+56=073;,train
68+14=082;,train
34+27=061;,train
53+62=115;,train
71+59=130;,train
81+91=172;,train
05+06=011;,train
25+53=078;,train
51+18=069;,train
68+46=114;,train
24+61=085;,train
62+12=074;,train
59+94=153;,train
26+12=038;,train
86+36=122;,train
86+42=128;,train
06+53=059;,train
20+88=108;,train
50+43=093;,train
19+53=072;,train
23+83=106;,train
72+34=106;,train
16+46=062;,train
62+93=155;,train
28+47=075;,train
16+79=095;,train
63+15=078;,train
62+69=131;,train
66+91=157;,train
66+74=140;,train
63+70=133;,train
43+67=110;,train
04+99=103;,train
45+18=063;,train
35+42=077;,train
00+10=010;,train
40+17=057;,train
02+09=011;,train
37+66=103;,train
11+69=080;,train
34+19=053;,train
29+72=101;,train
57+19=076;,train
22+45=067;,train
75+79=154;,train
30+91=121;,train
63+52=115;,train
57+09=066;,train
68+81=149;,train
67+62=129;,train
06+20=026;,train
37+67=104;,train
82+00=082;,train
60+88=148;,train
67+98=165;,train
60+34=094;,train
76+50=126;,train
97+67=164;,train
64+25=089;,train
93+40=133;,train
39+48=087;,train
82+16=098;,train
69+65=134;,train
66+92=158;,train
95+87=182;,train
88+40=128;,train
32+77=109;,train
32+50=082;,train
88+43=131;,train
29+16=045;,train
12+38=050;,train
11+77=088;,train
81+74=155;,train
84+52=136;,train
20+59=079;,train
10+56=066;,train
14+98=112;,train
30+84=114;,train
48+38=086;,train
56+97=153;,train
25+49=074;,train
33+63=096;,train
45+09=054;,train
26+42=068;,train
44+77=121;,train
07+14=021;,train
39+33=072;,train
24+72=096;,train
47+15=062;,train
65+73=138;,train
09+52=061;,train
22+90=112;,train
89+20=109;,train
08+57=065;,train
13+75=088;,train
40+28=068;,train
50+15=065;,train
14+79=093;,train
69+00=069;,train
54+19=073;,train
34+22=056;,train
13+57=070;,train
40+32=072;,train
67+23=090;,train
38+80=118;,train
25+85=110;,train
02+20=022;,train
61+99=160;,train
44+00=044;,train
04+73=077;,train
44+34=078;,train
90+33=123;,train
39+65=104;,train
00+00=000;,train
94+33=127;,train
07+57=064;,train
37+77=114;,train
45+34=079;,train
26+59=085;,train
29+28=057;,train
58+21=079;,train
63+49=112;,train
03+80=083;,train
69+76=145;,train
54+26=080;,train
46+66=112;,train
20+54=074;,train
88+48=136;,train
14+62=076;,train
92+11=103;,train
44+08=052;,train
79+28=107;,train
15+03=018;,train
17+00=017;,train
68+45=113;,train
05+38=043;,train
40+82=122;,train
01+36=037;,train
35+68=103;,train
08+50=058;,train
39+44=083;,train
62+18=080;,train
64+04=068;,train
31+53=084;,train
35+69=104;,train
69+72=141;,train
35+44=079;,train
16+25=041;,train
71+57=128;,train
85+62=147;,train
01+48=049;,train
92+79=171;,train
42+82=124;,train
31+45=076;,train
22+14=036;,train
43+52=095;,train
73+04=077;,train
94+61=155;,train
91+01=092;,train
95+97=192;,train
36+97=133;,train
35+12=047;,train
31+16=047;,train
53+90=143;,train
99+10=109;,train
25+71=096;,train
69+22=091;,train
35+97=132;,train
75+39=114;,train
57+12=069;,train
57+33=090;,train
56+99=155;,train
16+42=058;,train
91+26=117;,train
66+88=154;,train
79+17=096;,train
47+68=115;,train
66+35=101;,train
11+47=058;,train
83+67=150;,train
16+93=109;,train
47+64=111;,train
36+18=054;,train
04+80=084;,train
03+65=068;,train
44+32=076;,train
72+27=099;,train
68+44=112;,train
65+67=132;,train
20+47=067;,train
74+36=110;,train
39+86=125;,train
15+44=059;,train
97+59=156;,train
46+96=142;,train
76+62=138;,train
85+51=136;,train
57+21=078;,train
18+37=055;,train
83+38=121;,train
37+54=091;,train
53+11=064;,train
56+71=127;,train
48+96=144;,train
72+44=116;,train
37+84=121;,train
00+46=046;,train
08+36=044;,train
55+36=091;,train
71+16=087;,train
79+25=104;,train
26+18=044;,train
27+20=047;,train
16+06=022;,train
97+24=121;,train
73+08=081;,train
10+84=094;,train
75+86=161;,train
85+43=128;,train
46+93=139;,train
28+39=067;,train
17+59=076;,train
59+98=157;,train
21+53=074;,train
86+96=182;,train
15+70=085;,train
80+24=104;,train
40+15=055;,train
77+96=173;,train
82+34=116;,train
18+66=084;,train
95+20=115;,train
03+23=026;,train
36+55=091;,train
61+98=159;,train
03+88=091;,train
08+08=016;,train
33+46=079;,train
08+93=101;,train
79+13=092;,train
56+65=121;,train
84+17=101;,train
53+93=146;,train
51+19=070;,train
29+14=043;,train
89+11=100;,train
07+96=103;,train
92+92=184;,train
79+62=141;,train
79+30=109;,train
11+15=026;,train
64+33=097;,train
07+07=014;,train
13+14=027;,train
56+44=100;,train
53+33=086;,train
76+01=077;,train
09+67=076;,train
38+88=126;,train
93+12=105;,train
82+04=086;,train
82+63=145;,train
82+61=143;,train
44+75=119;,train
86+06=092;,train
62+20=082;,train
70+29=099;,train
50+07=057;,train
80+71=151;,train
28+66=094;,train
05+55=060;,train
65+63=128;,train
16+81=097;,train
67+95=162;,train
88+12=100;,train
19+67=086;,train
16+04=020;,train
59+95=154;,train
11+71=082;,train
04+63=067;,train
53+53=106;,train
77+68=145;,train
97+83=180;,train
44+96=140;,train
83+94=177;,train
06+85=091;,train
06+61=067;,train
24+44=068;,train
06+96=102;,train
10+17=027;,train
57+74=131;,train
90+88=178;,train
38+00=038;,train
79+69=148;,train
33+86=119;,train
13+00=013;,train
15+88=103;,train
19+48=067;,train
47+80=127;,train
62+59=121;,train
51+10=061;,train
05+77=082;,train
59+87=146;,train
81+64=145;,train
33+04=037;,train
07+42=049;,train
97+68=165;,train
41+57=098;,train
41+08=049;,train
69+43=112;,train
91+63=154;,train
57+88=145;,train
49+64=113;,train
91+36=127;,train
98+74=172;,train
34+53=087;,train
48+01=049;,train
46+10=056;,train
55+46=101;,train
26+64=090;,train
24+97=121;,train
55+06=061;,train
99+58=157;,train
00+34=034;,train
08+86=094;,train
47+85=132;,train
95+07=102;,train
28+10=038;,train
87+94=181;,train
61+37=098;,train
55+24=079;,train
38+33=071;,train
28+83=111;,train
81+53=134;,train
04+13=017;,train
29+33=062;,train
50+90=140;,train
93+00=093;,train
45+39=084;,train
69+52=121;,train
26+76=102;,train
92+50=142;,train
76+71=147;,train
94+95=189;,train
03+91=094;,train
01+46=047;,train
56+85=141;,train
77+03=080;,train
70+50=120;,train
81+39=120;,train
14+66=080;,train
97+48=145;,train
97+10=107;,train
00+21=021;,train
09+53=062;,train
29+56=085;,train
34+36=070;,train
19+82=101;,train
05+76=081;,train
82+69=151;,train
43+25=068;,train
96+67=163;,train
91+75=166;,train
83+12=095;,train
80+15=095;,train
25+09=034;,train
07+92=099;,train
98+78=176;,train
10+72=082;,train
23+73=096;,train
57+58=115;,train
94+29=123;,train
73+57=130;,train
60+63=123;,train
88+42=130;,train
84+27=111;,train
97+64=161;,train
45+56=101;,train
00+38=038;,train
58+38=096;,train
97+98=195;,train
50+59=109;,train
95+67=162;,train
21+15=036;,train
75+73=148;,train
59+92=151;,train
70+32=102;,train
34+31=065;,train
29+46=075;,train
82+49=131;,train
88+69=157;,train
03+38=041;,train
09+08=017;,train
20+73=093;,train
78+46=124;,train
46+84=130;,train
24+08=032;,train
74+30=104;,train
91+58=149;,train
77+16=093;,train
80+90=170;,train
85+21=106;,train
25+25=050;,train
03+68=071;,train
91+72=163;,train
10+50=060;,train
79+79=158;,train
60+46=106;,train
31+49=080;,train
74+08=082;,train
11+06=017;,train
86+91=177;,train
12+92=104;,train
17+55=072;,train
00+40=040;,train
00+42=042;,train
46+79=125;,train
08+72=080;,train
59+34=093;,train
33+47=080;,train
32+78=110;,train
86+04=090;,train
06+16=022;,train
73+99=172;,train
71+44=115;,train
89+29=118;,train
90+49=139;,train
62+97=159;,train
69+04=073;,train
91+24=115;,train
00+68=068;,train
69+71=140;,train
55+73=128;,train
70+54=124;,train
78+06=084;,train
53+51=104;,train
32+57=089;,train
39+02=041;,train
10+38=048;,train
10+58=068;,train
80+57=137;,train
11+37=048;,train
60+12=072;,train
94+90=184;,train
50+87=137;,train
77+47=124;,train
45+65=110;,train
25+92=117;,train
95+48=143;,train
77+45=122;,train
87+09=096;,train
34+66=100;,train
75+35=110;,train
06+55=061;,train
99+34=133;,train
63+48=111;,train
38+74=112;,train
02+70=072;,train
05+92=097;,train
39+32=071;,train
68+47=115;,train
61+09=070;,train
20+30=050;,train
12+45=057;,train
40+02=042;,train
51+57=108;,train
50+81=131;,train
92+19=111;,train
56+51=107;,train
58+13=071;,train
56+94=150;,train
68+02=070;,train
70+28=098;,train
57+70=127;,train
14+53=067;,train
59+49=108;,train
85+33=118;,train
52+84=136;,train
91+92=183;,train
76+90=166;,train
65+10=075;,train
62+68=130;,train
70+60=130;,train
36+50=086;,train
48+25=073;,train
02+29=031;,train
28+96=124;,train
63+06=069;,train
99+52=151;,train
55+81=136;,train
34+91=125;,train
14+56=070;,train
09+32=041;,train
20+71=091;,train
97+89=186;,train
50+65=115;,train
61+64=125;,train
36+47=083;,train
33+38=071;,train
30+45=075;,train
89+31=120;,train
20+34=054;,train
34+93=127;,train
21+04=025;,train
26+85=111;,train
95+01=096;,train
72+93=165;,train
40+06=046;,train
61+18=079;,train
04+81=085;,train
66+78=144;,train
62+94=156;,train
61+45=106;,train
17+03=020;,train
38+43=081;,train
20+19=039;,train
05+09=014;,train
45+77=122;,train
80+25=105;,train
81+95=176;,train
01+96=097;,train
08+33=041;,train
34+03=037;,train
39+95=134;,train
61+66=127;,train
88+86=174;,train
23+06=029;,train
67+56=123;,train
49+43=092;,train
41+18=059;,train
26+91=117;,train
15+57=072;,train
30+07=037;,train
85+53=138;,train
53+55=108;,train
55+82=137;,train
27+85=112;,train
80+64=144;,train
27+33=060;,train
15+62=077;,train
98+00=098;,train
28+22=050;,train
83+29=112;,train
99+43=142;,train
47+46=093;,train
26+23=049;,train
76+98=174;,train
01+76=077;,train
95+71=166;,train
38+49=087;,train
28+98=126;,train
71+12=083;,train
31+60=091;,train
52+74=126;,train
65+87=152;,train
79+84=163;,train
90+36=126;,train
53+01=054;,train
05+85=090;,train
92+08=100;,train
90+91=181;,train
97+34=131;,train
32+40=072;,train
32+03=035;,train
42+08=050;,train
14+73=087;,train
89+32=121;,train
06+92=098;,train
72+15=087;,train
19+63=082;,train
36+54=090;,train
22+40=062;,train
69+90=159;,train
34+13=047;,train
85+78=163;,train
98+50=148;,train
75+31=106;,train
58+87=145;,train
81+62=143;,train
39+04=043;,train
21+45=066;,train
71+46=117;,train
28+40=068;,train
25+46=071;,train
13+37=050;,train
73+19=092;,train
04+39=043;,train
06+99=105;,train
28+36=064;,train
80+75=155;,train
35+51=086;,train
85+45=130;,train
58+12=070;,train
62+75=137;,train
30+60=090;,train
38+17=055;,train
50+75=125;,train
56+40=096;,train
19+25=044;,train
82+54=136;,train
00+36=036;,train
99+46=145;,train
79+26=105;,train
24+27=051;,train
09+69=078;,train
28+51=079;,train
84+67=151;,train
34+90=124;,train
46+32=078;,train
80+72=152;,train
16+61=077;,train
41+34=075;,train
11+49=060;,train
92+15=107;,train
01+34=035;,train
36+57=093;,train
74+65=139;,train
32+15=047;,train
29+61=090;,train
76+30=106;,train
56+62=118;,train
08+74=082;,train
56+11=067;,train
21+80=101;,train
66+71=137;,train
31+27=058;,train
87+24=111;,train
39+76=115;,train
64+12=076;,train
28+54=082;,train
14+17=031;,train
99+51=150;,train
68+63=131;,train
29+82=111;,train
77+27=104;,train
16+97=113;,train
52+40=092;,train
52+86=138;,train
76+10=086;,train
13+06=019;,train
03+71=074;,train
85+76=161;,train
93+88=181;,train
16+22=038;,train
32+01=033;,train
39+74=113;,train
06+38=044;,train
91+81=172;,train
67+47=114;,train
35+11=046;,train
42+33=075;,train
78+30=108;,train
25+45=070;,train
20+79=099;,train
85+84=169;,train
25+15=040;,train
86+41=127;,train
90+25=115;,train
14+61=075;,train
97+77=174;,train
32+54=086;,train
47+79=126;,train
43+41=084;,train
61+07=068;,train
62+41=103;,train
20+52=072;,train
92+57=149;,train
07+32=039;,train
90+51=141;,train
11+73=084;,train
73+20=093;,train
04+77=081;,train
77+55=132;,train
10+68=078;,train
08+61=069;,train
74+13=087;,train
86+17=103;,train
43+54=097;,train
81+36=117;,train
60+15=075;,train
07+55=062;,train
69+99=168;,train
57+86=143;,train
31+67=098;,train
36+17=053;,train
76+92=168;,train
76+08=084;,train
73+34=107;,train
66+80=146;,train
30+58=088;,train
60+68=128;,train
81+22=103;,train
01+10=011;,train
88+77=165;,train
28+91=119;,train
33+32=065;,train
26+02=028;,train
28+76=104;,train
15+11=026;,train
44+99=143;,train
90+79=169;,train
27+54=081;,train
65+70=135;,train
72+80=152;,train
76+29=105;,train
87+05=092;,train
71+48=119;,train
07+01=008;,train
87+45=132;,train
25+28=053;,train
23+18=041;,train
43+31=074;,train
44+43=087;,train
30+27=057;,train
90+83=173;,train
24+94=118;,train
29+84=113;,train
30+14=044;,train
81+16=097;,train
80+50=130;,train
92+65=157;,train
50+21=071;,train
09+73=082;,train
44+61=105;,train
07+38=045;,train
47+44=091;,train
97+70=167;,train
22+88=110;,train
73+72=145;,train
24+41=065;,train
47+81=128;,train
97+17=114;,train
57+51=108;,train
04+85=089;,train
80+43=123;,train
90+99=189;,train
57+69=126;,train
89+08=097;,train
31+77=108;,train
86+31=117;,train
60+79=139;,train
78+52=130;,train
47+82=129;,train
13+90=103;,train
33+10=043;,train
63+14=077;,train
17+23=040;,train
36+71=107;,train
91+20=111;,train
63+56=119;,train
93+73=166;,train
09+12=021;,train
71+75=146;,train
83+15=098;,train
65+96=161;,train
19+87=106;,train
19+66=085;,train
70+34=104;,train
54+15=069;,train
04+65=069;,train
14+36=050;,train
53+23=076;,train
45+23=068;,train
37+16=053;,train
94+17=111;,train
65+32=097;,train
87+30=117;,train
79+10=089;,train
69+21=090;,train
81+75=156;,train
54+02=056;,train
33+27=060;,train
71+85=156;,train
97+08=105;,train
51+40=091;,train
44+60=104;,train
54+53=107;,train
55+48=103;,train
90+27=117;,train
36+62=098;,train
94+46=140;,train
30+61=091;,train
61+23=084;,train
74+48=122;,train
84+06=090;,train
00+98=098;,train
38+72=110;,train
01+44=045;,train
34+10=044;,train
76+75=151;,train
64+95=159;,train
42+90=132;,train
30+98=128;,train
21+96=117;,train
40+00=040;,train
73+00=073;,train
00+09=009;,train
60+58=118;,train
74+80=154;,train
71+66=137;,train
68+96=164;,train
79+87=166;,train
73+43=116;,train
25+94=119;,train
26+50=076;,train
49+49=098;,train
87+99=186;,train
32+26=058;,train
82+46=128;,train
60+78=138;,train
29+47=076;,train
65+66=131;,train
96+00=096;,train
72+09=081;,train
88+55=143;,train
82+52=134;,train
38+18=056;,train
10+66=076;,train
40+68=108;,train
94+05=099;,train
32+39=071;,train
54+81=135;,train
67+46=113;,train
61+04=065;,train
36+05=041;,train
45+43=088;,train
63+50=113;,train
35+02=037;,train
22+50=072;,train
23+31=054;,train
78+18=096;,train
71+79=150;,train
07+70=077;,train
69+63=132;,train
02+84=086;,train
61+42=103;,train
23+69=092;,train
26+56=082;,train
23+47=070;,train
13+48=061;,train
77+46=123;,train
19+22=041;,train
18+79=097;,train
78+16=094;,train
13+25=038;,train
40+96=136;,train
87+50=137;,train
60+95=155;,train
59+39=098;,train
47+12=059;,train
01+73=074;,train
30+26=056;,train
12+06=018;,train
87+02=089;,train
19+60=079;,train
64+08=072;,train
16+86=102;,train
74+10=084;,train
84+10=094;,train
90+50=140;,train
42+14=056;,train
36+00=036;,train
76+80=156;,train
74+70=144;,train
77+93=170;,train
81+96=177;,train
99+05=104;,train
98+70=168;,train
55+57=112;,train
29+27=056;,train
74+50=124;,train
81+87=168;,train
50+88=138;,train
37+91=128;,train
77+36=113;,train
52+63=115;,train
16+45=061;,train
12+95=107;,train
78+76=154;,train
56+95=151;,train
71+65=136;,train
66+17=083;,train
09+55=064;,train
33+85=118;,train
16+89=105;,train
52+70=122;,train
06+43=049;,train
33+97=130;,train
89+61=150;,train
66+53=119;,train
43+16=059;,train
96+49=145;,train
41+49=090;,train
71+11=082;,train
26+45=071;,train
64+63=127;,train
10+48=058;,train
06+31=037;,train
09+41=050;,train
66+76=142;,train
35+48=083;,train
51+43=094;,train
01+14=015;,train
74+45=119;,train
07+79=086;,train
09+58=067;,train
40+74=114;,train
24+53=077;,train
72+13=085;,train
15+50=065;,train
25+95=120;,train
27+88=115;,train
21+36=057;,train
42+41=083;,train
91+14=105;,train
08+79=087;,train
04+70=074;,train
42+62=104;,train
84+31=115;,train
00+37=037;,train
14+06=020;,train
03+94=097;,train
77+29=106;,train
13+33=046;,train
72+45=117;,train
58+18=076;,train
89+94=183;,train
49+86=135;,train
02+82=084;,train
21+18=039;,train
30+90=120;,train
01+77=078;,train
36+48=084;,train
51+31=082;,train
54+58=112;,train
95+65=160;,train
80+63=143;,train
22+37=059;,train
78+82=160;,train
52+62=114;,train
90+90=180;,train
33+44=077;,train
20+61=081;,train
83+76=159;,train
92+72=164;,train
46+91=137;,train
18+10=028;,train
84+45=129;,train
39+77=116;,train
28+53=081;,train
85+30=115;,train
30+50=080;,train
48+18=066;,train
17+91=108;,train
70+17=087;,train
08+92=100;,train
15+00=015;,train
71+91=162;,train
54+83=137;,train
48+72=120;,train
33+93=126;,train
36+83=119;,train
85+56=141;,train
16+03=019;,train
49+19=068;,train
09+98=107;,train
58+91=149;,train
68+74=142;,train
92+54=146;,train
18+97=115;,train
48+06=054;,train
43+84=127;,train
68+05=073;,train
07+76=083;,train
01+62=063;,train
42+20=062;,train
41+99=140;,train
24+68=092;,train
37+43=080;,train
44+24=068;,train
27+45=072;,train
04+36=040;,train
09+91=100;,train
68+07=075;,train
53+02=055;,train
66+37=103;,train
95+21=116;,train
10+91=101;,train
09+17=026;,train
41+31=072;,train
48+62=110;,train
26+93=119;,train
57+08=065;,train
38+20=058;,train
73+87=160;,train
34+76=110;,train
98+07=105;,train
18+49=067;,train
19+50=069;,train
15+95=110;,train
61+71=132;,train
62+80=142;,train
23+57=080;,train
80+37=117;,train
22+25=047;,train
57+16=073;,train
48+36=084;,train
64+07=071;,train
31+24=055;,train
46+25=071;,train
06+40=046;,train
20+51=071;,train
48+90=138;,train
34+78=112;,train
68+62=130;,train
07+25=032;,train
53+14=067;,train
15+37=052;,train
24+87=111;,train
94+18=112;,train
30+96=126;,train
89+58=147;,train
41+46=087;,train
59+76=135;,train
91+85=176;,train
85+80=165;,train
36+65=101;,train
21+87=108;,train
75+09=084;,train
95+73=168;,train
06+52=058;,train
33+92=125;,train
93+97=190;,train
27+97=124;,train
00+22=022;,train
36+19=055;,train
93+83=176;,train
92+02=094;,train
83+88=171;,train
86+51=137;,train
42+81=123;,train
53+78=131;,train
13+86=099;,train
32+67=099;,train
87+29=116;,train
19+14=033;,train
32+82=114;,train
09+45=054;,train
76+79=155;,train
37+49=086;,train
09+05=014;,train
98+61=159;,train
53+13=066;,train
47+39=086;,train
61+35=096;,train
64+16=080;,train
16+31=047;,train
19+02=021;,train
12+00=012;,train
47+49=096;,train
09+65=074;,train
94+89=183;,train
11+85=096;,train
87+68=155;,train
72+64=136;,train
49+40=089;,train
83+68=151;,train
25+64=089;,train
33+95=128;,train
32+86=118;,train
97+06=103;,train
15+49=064;,train
94+41=135;,train
77+14=091;,train
93+63=156;,train
58+68=126;,train
48+76=124;,train
99+24=123;,train
89+17=106;,train
48+48=096;,train
70+99=169;,train
43+72=115;,train
68+53=121;,train
02+79=081;,train
03+21=024;,train
45+81=126;,train
65+89=154;,train
11+72=083;,train
17+78=095;,train
54+40=094;,train
37+61=098;,train
77+80=157;,train
39+20=059;,train
25+82=107;,train
57+82=139;,train
97+22=119;,train
98+05=103;,train
38+53=091;,train
09+78=087;,train
47+40=087;,train
66+85=151;,train
63+13=076;,train
89+70=159;,train
22+78=100;,train
75+96=171;,train
37+33=070;,train
32+89=121;,train
09+44=053;,train
68+71=139;,train
84+28=112;,train
31+84=115;,train
72+12=084;,train
18+47=065;,train
90+44=134;,train
07+99=106;,train
45+16=061;,train
12+79=091;,train
43+24=067;,train
04+16=020;,train
87+73=160;,train
10+83=093;,train
71+19=090;,train
82+45=127;,train
98+03=101;,train
05+19=024;,train
94+44=138;,train
37+14=051;,train
10+93=103;,train
52+17=069;,train
12+05=017;,train
68+03=071;,train
21+43=064;,train
26+58=084;,train
52+01=053;,train
02+65=067;,train
08+70=078;,train
61+36=097;,train
79+57=136;,train
68+56=124;,train
12+74=086;,train
09+31=040;,train
23+82=105;,train
27+67=094;,train
20+95=115;,train
54+48=102;,train
87+57=144;,train
97+93=190;,train
87+25=112;,train
96+83=179;,train
65+05=070;,train
38+73=111;,train
16+05=021;,train
69+92=161;,train
66+04=070;,train
95+03=098;,train
33+11=044;,train
69+48=117;,train
76+78=154;,train
55+19=074;,train
84+29=113;,train
72+52=124;,train
61+65=126;,train
83+08=091;,train
49+01=050;,train
53+19=072;,train
71+76=147;,train
76+13=089;,train
01+60=061;,train
13+49=062;,train
79+61=140;,train
67+04=071;,train
58+90=148;,train
52+54=106;,train
91+59=150;,train
39+25=064;,train
28+52=080;,train
34+84=118;,train
08+90=098;,train
06+48=054;,train
35+05=040;,train
82+55=137;,train
48+75=123;,train
81+43=124;,train
47+10=057;,train
22+62=084;,train
99+64=163;,train
47+26=073;,train
94+96=190;,train
69+17=086;,train
23+37=060;,train
34+94=128;,train
44+45=089;,train
50+12=062;,train
44+85=129;,train
45+63=108;,train
18+52=070;,train
23+12=035;,train
09+29=038;,train
20+68=088;,train
44+14=058;,train
23+28=051;,train
41+90=131;,train
64+73=137;,train
75+51=126;,train
53+40=093;,train
00+14=014;,train
17+09=026;,train
97+19=116;,train
06+00=006;,train
72+70=142;,train
85+24=109;,train
70+83=153;,train
28+00=028;,train
44+26=070;,train
92+81=173;,train
02+30=032;,train
86+46=132;,train
17+19=036;,train
82+42=124;,train
62+32=094;,train
92+24=116;,train
90+61=151;,train
36+67=103;,train
76+23=099;,train
78+02=080;,train
38+60=098;,train
17+65=082;,train
63+55=118;,train
55+49=104;,train
56+42=098;,train
97+28=125;,train
27+17=044;,train
91+43=134;,train
07+15=022;,train
66+19=085;,train
42+30=072;,train
72+56=128;,train
49+52=101;,train
37+32=069;,train
29+60=089;,train
39+26=065;,train
86+07=093;,train
80+56=136;,train
42+77=119;,train
38+21=059;,train
59+19=078;,train
97+00=097;,train
67+99=166;,train
46+48=094;,train
29+64=093;,train
99+70=169;,train
37+04=041;,train
11+50=061;,train
91+39=130;,train
51+93=144;,train
69+02=071;,train
01+69=070;,train
56+18=074;,train
42+42=084;,train
61+56=117;,train
07+30=037;,train
00+80=080;,train
37+72=109;,train
25+07=032;,train
46+27=073;,train
06+91=097;,train
56+70=126;,train
57+64=121;,train
49+62=111;,train
19+17=036;,train
08+42=050;,train
40+55=095;,train
78+90=168;,train
75+41=116;,train
10+60=070;,train
86+19=105;,train
69+16=085;,train
26+92=118;,train
91+25=116;,train
93+35=128;,train
82+29=111;,train
88+92=180;,train
86+52=138;,train
67+77=144;,train
98+53=151;,train
26+16=042;,train
83+83=166;,train
70+62=132;,train
43+77=120;,train
33+41=074;,train
04+26=030;,train
18+21=039;,train
31+79=110;,train
32+14=046;,train
82+85=167;,train
79+47=126;,train
86+57=143;,train
36+13=049;,train
49+53=102;,train
45+71=116;,train
28+04=032;,train
93+48=141;,train
89+55=144;,train
41+03=044;,train
44+27=071;,train
96+26=122;,train
66+47=113;,train
98+43=141;,train
51+47=098;,train
37+36=073;,train
79+63=142;,train
62+53=115;,train
78+23=101;,train
81+70=151;,train
80+18=098;,train
62+63=125;,train
91+62=153;,train
81+40=121;,train
40+51=091;,train
56+86=142;,train
29+97=126;,train
55+35=090;,train
36+32=068;,train
94+77=171;,train
17+33=050;,train
20+94=114;,train
41+22=063;,train
90+08=098;,train
46+71=117;,train
08+67=075;,train
46+01=047;,train
84+00=084;,train
88+00=088;,train
13+40=053;,train
32+22=054;,train
14+31=045;,train
82+72=154;,train
63+23=086;,train
01+99=100;,train
25+55=080;,train
40+49=089;,train
99+53=152;,train
66+39=105;,train
13+72=085;,train
10+26=036;,train
57+26=083;,train
68+50=118;,train
51+96=147;,train
40+38=078;,train
84+62=146;,train
58+85=143;,train
83+82=165;,train
79+31=110;,train
57+15=072;,train
00+48=048;,train
33+91=124;,train
29+76=105;,train
96+90=186;,train
18+45=063;,train
52+16=068;,train
40+94=134;,train
89+62=151;,train
81+42=123;,train
11+42=053;,train
28+01=029;,train
71+20=091;,train
20+63=083;,train
40+35=075;,train
01+41=042;,train
21+30=051;,train
79+42=121;,train
87+04=091;,train
00+20=020;,train
44+79=123;,train
62+36=098;,train
94+28=122;,train
02+06=008;,train
84+44=128;,train
45+50=095;,train
96+96=192;,train
60+42=102;,train
27+77=104;,train
73+64=137;,train
75+22=097;,train
42+76=118;,train
19+91=110;,train
00+16=016;,train
61+25=086;,train
06+64=070;,train
08+98=106;,train
76+85=161;,train
78+40=118;,train
87+61=148;,train
12+72=084;,train
68+25=093;,train
55+14=069;,train
17+36=053;,train
75+54=129;,train
42+48=090;,train
82+88=170;,train
97+66=163;,train
42+37=079;,train
29+88=117;,train
76+40=116;,train
96+14=110;,train
70+56=126;,train
38+64=102;,train
76+84=160;,train
00+11=011;,train
55+56=111;,train
13+47=060;,train
07+56=063;,train
18+55=073;,train
35+50=085;,train
92+16=108;,train
79+94=173;,train
24+89=113;,train
50+31=081;,train
98+20=118;,train
58+40=098;,train
35+29=064;,train
52+61=113;,train
55+27=082;,train
14+02=016;,train
08+63=071;,train
01+17=018;,train
04+88=092;,train
76+07=083;,train
14+18=032;,train
72+35=107;,train
78+88=166;,train
21+02=023;,train
47+27=074;,train
02+16=018;,train
72+24=096;,train
84+08=092;,train
35+41=076;,train
03+36=039;,train
10+27=037;,train
97+97=194;,train
43+95=138;,train
89+15=104;,train
40+77=117;,train
62+04=066;,train
57+23=080;,train
20+91=111;,train
81+31=112;,train
14+91=105;,train
09+07=016;,train
64+45=109;,train
81+03=084;,train
63+27=090;,train
99+49=148;,train
12+33=045;,train
37+46=083;,train
90+95=185;,train
68+28=096;,train
86+59=145;,train
77+28=105;,train
57+79=136;,train
10+86=096;,train
05+52=057;,train
84+91=175;,train
00+31=031;,train
46+49=095;,train
95+52=147;,train
98+46=144;,train
85+47=132;,train
46+11=057;,train
45+30=075;,train
00+72=072;,train
94+56=150;,train
10+05=015;,train
02+63=065;,train
61+60=121;,train
48+64=112;,train
14+75=089;,train
66+01=067;,train
94+78=172;,train
71+28=099;,train
04+79=083;,train
61+01=062;,train
39+80=119;,train
75+65=140;,train
75+68=143;,train
18+87=105;,train
84+90=174;,train
83+42=125;,train
45+57=102;,train
66+23=089;,train
67+96=163;,train
22+46=068;,train
89+91=180;,train
08+91=099;,train
17+71=088;,train
42+18=060;,train
17+92=109;,train
73+50=123;,train
55+37=092;,train
17+81=098;,train
49+56=105;,train
67+03=070;,train
11+74=085;,train
26+11=037;,train
55+41=096;,train
43+74=117;,train
69+35=104;,train
37+98=135;,train
61+28=089;,train
45+73=118;,train
13+08=021;,train
58+34=092;,train
09+70=079;,train
58+69=127;,train
52+52=104;,train
16+23=039;,train
12+21=033;,train
72+76=148;,train
83+59=142;,train
22+23=045;,train
06+95=101;,train
27+59=086;,train
51+25=076;,train
48+30=078;,train
16+44=060;,train
77+42=119;,train
23+20=043;,train
15+72=087;,train
09+64=073;,train
24+95=119;,train
36+61=097;,train
52+44=096;,train
54+05=059;,train
61+30=091;,train
11+80=091;,train
49+07=056;,train
28+60=088;,train
39+39=078;,train
65+93=158;,train
10+10=020;,train
05+41=046;,train
47+67=114;,train
51+79=130;,train
13+02=015;,train
37+02=039;,train
61+96=157;,train
78+38=116;,train
43+14=057;,train
92+32=124;,train
31+94=125;,train
54+74=128;,train
07+62=069;,train
15+42=057;,train
41+55=096;,train
82+51=133;,train
72+65=137;,train
52+31=083;,train
55+94=149;,train
92+27=119;,train
66+94=160;,train
07+03=010;,train
81+44=125;,train
52+90=142;,train
14+05=019;,train
55+03=058;,train
31+73=104;,train
25+06=031;,train
95+80=175;,train
52+51=103;,train
59+64=123;,train
75+50=125;,train
39+41=080;,train
91+46=137;,train
60+50=110;,train
62+86=148;,train
07+29=036;,train
16+83=099;,train
82+64=146;,train
08+52=060;,train
26+57=083;,train
87+44=131;,train
57+01=058;,train
21+84=105;,train
25+91=116;,train
58+62=120;,train
29+95=124;,train
52+64=116;,train
43+48=091;,train
96+35=131;,train
48+37=085;,train
04+38=042;,train
76+68=144;,train
87+76=163;,train
52+39=091;,train
68+65=133;,train
15+51=066;,train
98+37=135;,train
97+55=152;,train
85+82=167;,train
41+98=139;,train
53+26=079;,train
99+63=162;,train
33+40=073;,train
94+69=163;,train
77+94=171;,train
60+80=140;,train
70+35=105;,train
70+88=158;,train
43+57=100;,train
15+10=025;,train
31+66=097;,train
57+95=152;,train
59+41=100;,train
54+06=060;,train
64+86=150;,train
86+68=154;,train
40+81=121;,train
47+57=104;,train
50+60=110;,train
66+57=123;,train
26+75=101;,train
07+00=007;,train
54+08=062;,train
35+78=113;,train
12+18=030;,train
84+74=158;,train
76+96=172;,train
72+72=144;,train
74+55=129;,train
62+45=107;,train
56+91=147;,train
43+44=087;,train
86+76=162;,train
68+41=109;,train
38+68=106;,train
68+70=138;,train
40+07=047;,train
26+17=043;,train
01+91=092;,train
66+79=145;,train
24+24=048;,train
43+11=054;,train
96+91=187;,train
99+31=130;,train
28+50=078;,train
67+41=108;,train
19+92=111;,train
87+55=142;,train
49+89=138;,train
49+93=142;,train
60+83=143;,train
15+27=042;,train
70+01=071;,train
70+40=110;,train
91+79=170;,train
68+17=085;,train
59+81=140;,train
76+83=159;,train
12+12=024;,train
03+62=065;,train
39+12=051;,train
65+19=084;,train
10+37=047;,train
88+93=181;,train
98+66=164;,train
28+42=070;,train
07+90=097;,train
48+95=143;,train
18+48=066;,train
19+38=057;,train
39+34=073;,train
80+86=166;,train
99+57=156;,train
99+85=184;,train
85+09=094;,train
24+84=108;,train
15+89=104;,train
30+89=119;,train
29+50=079;,train
22+89=111;,train
25+70=095;,train
62+11=073;,train
05+05=010;,train
94+10=104;,train
63+90=153;,train
60+85=145;,train
27+52=079;,train
99+47=146;,train
04+44=048;,train
23+34=057;,train
16+90=106;,train
17+10=027;,train
40+25=065;,train
62+66=128;,train
08+07=015;,train
69+09=078;,train
79+36=115;,train
31+42=073;,train
16+17=033;,train
35+61=096;,train
64+89=153;,train
33+30=063;,train
66+28=094;,train
63+97=160;,train
27+02=029;,train
12+81=093;,train
31+23=054;,train
23+95=118;,train
95+50=145;,train
97+12=109;,train
73+45=118;,train
68+29=097;,train
66+18=084;,train
65+48=113;,train
08+76=084;,train
06+54=060;,train
34+87=121;,train
32+20=052;,train
18+40=058;,train
09+88=097;,train
69+84=153;,train
83+80=163;,train
57+28=085;,train
60+30=090;,train
60+23=083;,train
13+21=034;,train
13+74=087;,train
48+79=127;,train
06+44=050;,train
79+82=161;,train
49+48=097;,train
80+32=112;,train
33+54=087;,train
31+75=106;,train
75+69=144;,train
57+67=124;,train
55+47=102;,train
12+30=042;,train
14+07=021;,train
95+60=155;,train
63+28=091;,train
25+18=043;,train
75+63=138;,train
01+78=079;,train
48+56=104;,train
15+36=051;,train
96+89=185;,train
51+13=064;,train
93+01=094;,train
75+08=083;,train
01+57=058;,train
55+67=122;,train
83+30=113;,train
16+57=073;,train
25+74=099;,train
43+86=129;,train
32+09=041;,train
54+68=122;,train
66+41=107;,train
42+10=052;,train
33+74=107;,train
80+23=103;,train
40+70=110;,train
46+38=084;,train
75+16=091;,train
57+50=107;,train
64+71=135;,train
17+31=048;,train
53+49=102;,train
77+84=161;,train
40+67=107;,train
86+75=161;,train
87+28=115;,train
05+95=100;,train
10+69=079;,train
06+22=028;,train
41+66=107;,train
55+96=151;,train
23+03=026;,train
91+53=144;,train
39+79=118;,train
07+48=055;,train
60+28=088;,train
41+94=135;,train
96+31=127;,train
96+22=118;,train
93+28=121;,train
21+37=058;,train
61+47=108;,train
46+65=111;,train
73+05=078;,train
05+87=092;,train
71+54=125;,train
07+65=072;,train
33+02=035;,train
15+76=091;,train
04+37=041;,train
35+87=122;,train
46+59=105;,train
72+61=133;,train
84+24=108;,train
29+41=070;,train
60+75=135;,train
25+75=100;,train
70+06=076;,train
75+07=082;,train
89+86=175;,train
66+62=128;,train
15+93=108;,train
27+78=105;,train
50+67=117;,train
30+20=050;,train
17+62=079;,train
42+22=064;,train
26+06=032;,train
14+44=058;,train
44+63=107;,train
64+47=111;,train
70+81=151;,train
20+32=052;,train
11+81=092;,train
33+26=059;,train
46+19=065;,train
35+47=082;,train
78+59=137;,train
58+22=080;,train
75+38=113;,train
99+28=127;,train
53+50=103;,train
49+61=110;,train
38+79=117;,train
80+89=169;,train
72+17=089;,train
40+89=129;,train
35+88=123;,train
02+61=063;,train
76+67=143;,train
62+00=062;,train
41+04=045;,train
21+58=079;,train
38+75=113;,train
78+49=127;,train
84+78=162;,train
71+72=143;,train
34+05=039;,train
11+08=019;,train
87+43=130;,train
89+95=184;,train
63+20=083;,train
03+34=037;,train
20+05=025;,train
89+21=110;,train
00+78=078;,train
99+32=131;,train
62+46=108;,train
98+93=191;,train
53+24=077;,train
96+80=176;,train
93+15=108;,train
90+76=166;,train
47+71=118;,train
92+88=180;,train
09+09=018;,train
29+22=051;,train
76+12=088;,train
86+24=110;,train
55+75=130;,train
41+58=099;,train
03+29=032;,train
91+27=118;,train
52+97=149;,train
38+78=116;,train
20+55=075;,train
86+85=171;,train
49+04=053;,train
73+44=117;,train
06+88=094;,train
16+50=066;,train
50+85=135;,train
62+22=084;,train
82+23=105;,train
48+41=089;,train
22+48=070;,train
11+33=044;,train
87+92=179;,train
76+25=101;,train
45+42=087;,train
11+64=075;,train
29+06=035;,train
92+60=152;,train
48+83=131;,train
84+58=142;,train
82+36=118;,train
55+33=088;,train
72+58=130;,train
10+96=106;,train
18+59=077;,train
59+69=128;,train
02+87=089;,train
49+90=139;,train
40+80=120;,train
03+96=099;,train
19+45=064;,train
59+04=063;,train
26+03=029;,train
50+96=146;,train
45+52=097;,train
37+92=129;,train
11+44=055;,train
98+47=145;,train
82+13=095;,train
57+46=103;,train
52+82=134;,train
69+38=107;,train
60+02=062;,train
19+35=054;,train
80+10=090;,train
46+39=085;,train
75+00=075;,train
54+87=141;,train
33+98=131;,train
63+02=065;,train
89+23=112;,train
05+11=016;,train
32+58=090;,train
93+60=153;,train
91+05=096;,train
19+62=081;,train
40+22=062;,train
50+58=108;,train
53+60=113;,train
51+91=142;,train
56+15=071;,train
55+08=063;,train
83+64=147;,train
79+67=146;,train
64+99=163;,train
84+05=089;,train
66+95=161;,train
54+95=149;,train
75+13=088;,train
38+84=122;,train
93+85=178;,train
90+60=150;,train
51+29=080;,train
49+80=129;,train
24+98=122;,train
35+72=107;,train
75+70=145;,train
49+13=062;,train
94+73=167;,train
42+53=095;,train
39+05=044;,train
43+94=137;,train
09+26=035;,train
55+11=066;,train
13+52=065;,train
40+42=082;,train
91+31=122;,train
07+50=057;,train
31+98=129;,train
79+88=167;,train
84+22=106;,train
26+25=051;,train
90+02=092;,train
37+41=078;,train
93+30=123;,train
49+24=073;,train
92+62=154;,train
01+37=038;,train
31+03=034;,train
00+93=093;,train
51+45=096;,train
20+58=078;,train
23+11=034;,train
93+31=124;,train
27+22=049;,train
33+49=082;,train
83+37=120;,train
98+34=132;,train
92+05=097;,train
90+14=104;,train
93+95=188;,train
92+56=148;,train
59+15=074;,train
85+86=171;,train
78+99=177;,train
31+07=038;,train
12+66=078;,train
28+78=106;,train
11+62=073;,train
71+23=094;,train
86+86=172;,train
49+95=144;,train
18+85=103;,train
56+52=108;,train
08+02=010;,train
50+63=113;,train
67+25=092;,train
23+87=110;,train
87+13=100;,train
72+46=118;,train
91+42=133;,train
52+49=101;,train
50+53=103;,train
79+91=170;,train
58+95=153;,train
61+88=149;,train
60+33=093;,train
55+09=064;,train
09+66=075;,train
44+18=062;,train
86+84=170;,train
40+97=137;,train
16+01=017;,train
94+00=094;,train
74+83=157;,train
02+32=034;,train
29+59=088;,train
41+82=123;,train
66+43=109;,train
44+62=106;,train
19+55=074;,train
03+35=038;,train
67+67=134;,train
89+53=142;,train
39+45=084;,train
92+28=120;,train
78+83=161;,train
78+69=147;,train
25+14=039;,train
81+32=113;,train
30+12=042;,train
68+99=167;,train
39+28=067;,train
75+58=133;,train
44+83=127;,train
53+39=092;,train
49+83=132;,train
06+86=092;,train
84+39=123;,train
78+73=151;,train
11+98=109;,train
06+01=007;,train
35+33=068;,train
79+50=129;,train
70+67=137;,train
79+51=130;,train
48+68=116;,train
31+09=040;,train
32+18=050;,train
07+34=041;,train
01+59=060;,train
27+38=065;,train
86+40=126;,train
55+10=065;,train
13+55=068;,train
03+87=090;,train
05+43=048;,train
59+70=129;,train
35+24=059;,train
98+44=142;,train
66+46=112;,train
87+63=150;,train
86+60=146;,train
27+19=046;,train
86+49=135;,train
27+93=120;,train
99+13=112;,train
65+95=160;,train
50+91=141;,train
74+64=138;,train
70+14=084;,train
01+30=031;,train
76+53=129;,train
74+15=089;,train
54+56=110;,train
12+31=043;,train
91+19=110;,train
43+53=096;,train
30+62=092;,train
75+74=149;,train
85+90=175;,train
42+70=112;,train
91+22=113;,train
84+50=134;,train
37+47=084;,train
06+84=090;,train
74+97=171;,train
07+98=105;,train
16+94=110;,train
11+39=050;,train
58+42=100;,train
35+01=036;,train
53+98=151;,train
44+92=136;,train
54+23=077;,train
29+02=031;,train
95+85=180;,train
02+24=026;,train
01+02=003;,train
83+04=087;,train
14+25=039;,train
64+30=094;,train
77+62=139;,train
13+56=069;,train
15+99=114;,train
03+46=049;,train
99+67=166;,train
61+51=112;,train
30+56=086;,train
61+34=095;,train
84+16=100;,train
41+38=079;,train
81+49=130;,train
95+14=109;,train
99+25=124;,train
96+44=140;,train
04+90=094;,train
46+74=120;,train
54+11=065;,train
47+01=048;,train
89+88=177;,train
50+39=089;,train
54+78=132;,train
71+74=145;,train
15+34=049;,train
54+13=067;,train
33+68=101;,train
09+80=089;,train
92+97=189;,train
61+53=114;,train
93+49=142;,train
51+73=124;,train
56+09=065;,train
98+96=194;,train
40+95=135;,train
72+02=074;,train
67+76=143;,train
36+63=099;,train
76+99=175;,train
11+66=077;,train
69+47=116;,train
39+96=135;,train
24+14=038;,train
60+38=098;,train
56+84=140;,train
47+94=141;,train
39+22=061;,train
12+16=028;,train
36+80=116;,train
84+43=127;,train
65+84=149;,train
66+83=149;,train
05+90=095;,train
87+39=126;,train
95+78=173;,train
46+60=106;,train
18+86=104;,train
86+21=107;,train
32+84=116;,train
90+40=130;,train
30+52=082;,train
15+17=032;,train
33+73=106;,train
29+85=114;,train
55+86=141;,train
84+98=182;,train
97+36=133;,train
99+69=168;,train
51+94=145;,train
90+06=096;,train
26+38=064;,train
96+68=164;,train
28+24=052;,train
23+67=090;,train
38+27=065;,train
41+40=081;,train
04+11=015;,train
58+86=144;,train
48+24=072;,train
64+87=151;,train
77+51=128;,train
44+46=090;,train
02+08=010;,train
69+81=150;,train
27+92=119;,train
87+89=176;,train
95+26=121;,train
97+78=175;,train
25+96=121;,train
77+12=089;,train
74+85=159;,train
17+42=059;,train
12+52=064;,train
68+77=145;,train
51+99=150;,train
42+15=057;,train
05+94=099;,train
02+36=038;,train
31+44=075;,train
56+04=060;,train
79+83=162;,train
50+23=073;,train
65+40=105;,train
05+56=061;,train
40+05=045;,train
05+48=053;,train
45+29=074;,train
76+00=076;,train
93+76=169;,train
14+24=038;,train
23+93=116;,train
18+73=091;,train
98+29=127;,train
41+29=070;,train
44+16=060;,train
20+07=027;,train
56+32=088;,train
38+06=044;,train
67+66=133;,train
65+04=069;,train
43+28=071;,train
53+76=129;,train
21+93=114;,train
20+69=089;,train
47+75=122;,train
13+11=024;,train
33+60=093;,train
55+32=087;,train
10+59=069;,train
33+06=039;,train
55+69=124;,train
58+07=065;,train
61+75=136;,train
62+08=070;,train
31+36=067;,train
49+10=059;,train
43+22=065;,train
79+97=176;,train
08+40=048;,train
31+06=037;,train
09+84=093;,train
13+81=094;,train
98+55=153;,train
21+42=063;,train
79+34=113;,train
72+95=167;,train
66+65=131;,train
42+60=102;,train
36+77=113;,train
63+51=114;,train
99+94=193;,train
77+85=162;,train
16+85=101;,train
36+78=114;,train
40+11=051;,train
35+57=092;,train
74+91=165;,train
82+95=177;,train
87+19=106;,train
10+88=098;,train
69+23=092;,train
75+53=128;,train
47+11=058;,train
41+53=094;,train
30+71=101;,train
96+29=125;,train
74+16=090;,train
05+71=076;,train
80+59=139;,train
24+88=112;,train
41+48=089;,train
79+58=137;,train
12+25=037;,train
28+82=110;,train
18+32=050;,train
38+10=048;,train
70+46=116;,train
14+52=066;,train
32+30=062;,train
97+53=150;,train
08+51=059;,train
07+08=015;,train
59+67=126;,train
28+21=049;,train
63+64=127;,train
48+35=083;,train
77+99=176;,train
18+60=078;,train
44+81=125;,train
11+46=057;,train
39+85=124;,train
36+58=094;,train
17+40=057;,train
17+18=035;,train
68+94=162;,train
94+12=106;,train
89+03=092;,train
12+41=053;,train
52+76=128;,train
12+69=081;,train
61+10=071;,train
64+90=154;,train
63+65=128;,train
60+20=080;,train
18+26=044;,train
68+92=160;,train
88+73=161;,train
79+77=156;,train
73+41=114;,train
38+13=051;,train
63+71=134;,train
23+89=112;,train
11+86=097;,train
56+96=152;,train
52+73=125;,train
52+66=118;,train
49+63=112;,train
82+48=130;,train
95+90=185;,train
92+80=172;,train
61+05=066;,train
38+87=125;,train
73+81=154;,train
56+83=139;,train
27+63=090;,train
63+25=088;,train
99+98=197;,train
41+54=095;,train
21+67=088;,train
08+78=086;,train
88+45=133;,train
89+00=089;,train
50+38=088;,train
96+70=166;,train
28+49=077;,train
59+86=145;,train
35+14=049;,train
95+16=111;,train
00+29=029;,train
83+24=107;,train
29+73=102;,train
98+36=134;,train
82+66=148;,train
13+61=074;,train
04+21=025;,train
73+36=109;,train
98+77=175;,train
54+65=119;,train
67+58=125;,train
28+11=039;,train
82+25=107;,train
52+83=135;,train
94+83=177;,train
04+15=019;,train
58+81=139;,train
72+03=075;,train
77+81=158;,train
98+52=150;,train
62+21=083;,train
47+38=085;,train
14+64=078;,train
48+39=087;,train
60+03=063;,train
40+01=041;,train
10+09=019;,train
62+44=106;,train
01+23=024;,train
44+90=134;,train
67+50=117;,train
37+60=097;,train
34+17=051;,train
17+58=075;,train
10+81=091;,train
71+25=096;,train
10+61=071;,train
32+70=102;,train
54+21=075;,train
30+10=040;,train
42+45=087;,train
86+89=175;,train
44+87=131;,train
83+16=099;,train
10+64=074;,train
43+40=083;,train
92+63=155;,train
15+31=046;,train
67+28=095;,train
01+97=098;,train
26+86=112;,train
71+94=165;,train
38+38=076;,train
65+50=115;,train
18+36=054;,train
67+65=132;,train
51+90=141;,train
55+50=105;,train
73+25=098;,train
90+78=168;,train
81+01=082;,train
74+73=147;,train
38+99=137;,train
16+49=065;,train
08+35=043;,train
59+77=136;,train
78+10=088;,train
58+30=088;,train
00+35=035;,train
08+28=036;,train
50+97=147;,train
52+98=150;,train
90+01=091;,train
71+37=108;,train
43+83=126;,train
34+46=080;,train
25+79=104;,train
93+33=126;,train
41+15=056;,train
82+44=126;,train
25+35=060;,train
04+17=021;,train
96+73=169;,train
69+74=143;,train
46+09=055;,train
88+17=105;,train
06+06=012;,train
96+81=177;,train
68+01=069;,train
78+25=103;,train
12+08=020;,train
02+45=047;,train
72+92=164;,train
43+91=134;,train
41+61=102;,train
34+55=089;,train
70+57=127;,train
89+07=096;,train
39+42=081;,train
79+21=100;,train
93+75=168;,train
30+35=065;,train
07+36=043;,train
41+09=050;,train
57+87=144;,train
28+12=040;,train
76+32=108;,train
16+10=026;,train
12+23=035;,train
87+14=101;,train
45+66=111;,train
41+71=112;,train
79+99=178;,train
23+59=082;,train
77+18=095;,train
17+35=052;,train
70+42=112;,train
23+58=081;,train
70+07=077;,train
49+79=128;,train
22+71=093;,train
63+30=093;,train
36+01=037;,train
96+95=191;,train
23+61=084;,train
34+43=077;,train
73+51=124;,train
74+06=080;,train
48+20=068;,train
76+11=087;,train
29+31=060;,train
68+98=166;,train
80+54=134;,train
77+24=101;,train
50+00=050;,train
01+26=027;,train
40+21=061;,train
25+30=055;,train
75+19=094;,train
55+38=093;,train
51+41=092;,train
85+28=113;,train
94+57=151;,train
55+23=078;,train
85+10=095;,train
81+14=095;,train
41+68=109;,train
33+65=098;,train
03+04=007;,train
56+58=114;,train
64+13=077;,train
96+12=108;,train
78+60=138;,train
05+23=028;,train
92+00=092;,train
54+51=105;,train
26+65=091;,train
58+52=110;,train
96+32=128;,train
69+30=099;,train
65+01=066;,train
89+44=133;,train
35+89=124;,train
17+52=069;,train
94+86=180;,train
84+69=153;,train
97+61=158;,train
08+46=054;,train
03+69=072;,train
46+86=132;,train
96+20=116;,train
37+26=063;,train
02+49=051;,train
27+44=071;,train
07+26=033;,train
22+84=106;,train
46+62=108;,train
84+53=137;,train
57+66=123;,train
56+78=134;,train
23+16=039;,train
32+94=126;,train
05+64=069;,train
40+87=127;,train
36+24=060;,train
41+86=127;,train
71+97=168;,train
01+33=034;,train
60+07=067;,train
92+18=110;,train
29+00=029;,train
40+73=113;,train
89+42=131;,train
19+46=065;,train
75+95=170;,train
94+21=115;,train
37+42=079;,train
86+82=168;,train
59+53=112;,train
34+52=086;,train
03+45=048;,train
70+82=152;,train
29+34=063;,train
52+79=131;,train
24+71=095;,train
85+68=153;,train
86+47=133;,train
95+39=134;,train
96+43=139;,train
77+76=153;,train
52+14=066;,train
90+46=136;,train
96+15=111;,train
94+81=175;,train
30+66=096;,train
32+05=037;,train
12+36=048;,train
50+61=111;,train
49+30=079;,train
94+42=136;,train
31+00=031;,train
68+42=110;,train
45+08=053;,train
07+12=019;,train
08+64=072;,train
93+21=114;,train
71+64=135;,train
16+12=028;,train
31+01=032;,train
45+59=104;,train
89+92=181;,train
16+72=088;,train
28+37=065;,train
83+34=117;,train
13+91=104;,train
49+33=082;,train
73+95=168;,train
37+38=075;,train
02+54=056;,train
57+63=120;,train
54+76=130;,train
42+66=108;,train
92+13=105;,train
72+62=134;,train
72+89=161;,train
01+86=087;,train
21+82=103;,train
72+43=115;,train
42+46=088;,train
74+04=078;,train
53+87=140;,train
21+29=050;,train
59+02=061;,train
06+70=076;,train
70+85=155;,train
33+94=127;,train
54+77=131;,train
24+16=040;,train
43+68=111;,train
83+71=154;,train
58+41=099;,train
81+47=128;,train
30+57=087;,train
03+47=050;,train
80+74=154;,train
72+55=127;,train
55+61=116;,train
76+73=149;,train
12+76=088;,train
67+84=151;,train
97+54=151;,train
00+62=062;,train
52+78=130;,train
24+55=079;,train
70+80=150;,train
51+51=102;,train
64+02=066;,train
28+33=061;,train
33+64=097;,train
92+37=129;,train
42+50=092;,train
63+67=130;,train
18+20=038;,train
55+85=140;,train
10+20=030;,train
22+26=048;,train
86+11=097;,train
99+40=139;,train
25+44=069;,train
70+93=163;,train
59+71=130;,train
91+78=169;,train
79+80=159;,train
76+54=130;,train
01+64=065;,train
65+26=091;,train
58+03=061;,train
86+39=125;,train
61+15=076;,train
48+49=097;,train
51+69=120;,train
38+05=043;,train
44+31=075;,train
31+33=064;,train
53+58=111;,train
62+40=102;,train
30+94=124;,train
21+69=090;,train
18+76=094;,train
68+24=092;,train
62+06=068;,train
74+33=107;,train
48+13=061;,train
97+52=149;,train
82+35=117;,train
80+07=087;,train
50+70=120;,train
13+34=047;,train
58+98=156;,train
91+03=094;,train
44+23=067;,train
95+95=190;,train
54+49=103;,train
99+03=102;,train
78+26=104;,train
66+00=066;,train
57+17=074;,train
11+56=067;,train
22+34=056;,train
40+03=043;,train
57+68=125;,train
00+30=030;,train
38+01=039;,train
95+42=137;,train
46+21=067;,train
82+03=085;,train
36+86=122;,train
69+10=079;,train
88+36=124;,train
08+54=062;,train
77+77=154;,train
62+13=075;,train
87+31=118;,train
14+68=082;,train
26+94=120;,train
65+14=079;,train
58+32=090;,train
78+75=153;,train
56+66=122;,train
73+92=165;,train
77+95=172;,train
85+04=089;,train
43+18=061;,train
32+71=103;,train
08+38=046;,train
02+19=021;,train
86+29=115;,train
77+97=174;,train
26+43=069;,train
58+70=128;,train
28+77=105;,train
07+60=067;,train
83+50=133;,train
52+72=124;,train
05+73=078;,train
58+60=118;,train
32+64=096;,train
79+53=132;,train
33+69=102;,train
77+50=127;,train
